State_Name,Year,Predicted_FC,Safety,Real_FC
ANDHRA PRADESH,2018,28.578516,Safe,27.0
ASSAM,2018,4166.31,Not Safe,1351.0
ASSAM,2018,4166.31,Not Safe,181.0
ASSAM,2018,4166.31,Not Safe,1550.0
ASSAM,2018,4166.31,Not Safe,1751.0
ASSAM,2018,4166.31,Not Safe,181.0
ASSAM,2018,4166.31,Not Safe,366.0
ASSAM,2018,4166.31,Not Safe,456.0
ASSAM,2018,4166.31,Not Safe,456.0
ASSAM,2018,4166.31,Not Safe,1401.0
ASSAM,2018,4166.31,Not Safe,366.0
ASSAM,2018,4166.31,Not Safe,456.0
ASSAM,2018,4166.31,Not Safe,1001.0
ASSAM,2018,4166.31,Not Safe,1751.0
ASSAM,2018,4166.31,Not Safe,10501.0
ASSAM,2018,4166.31,Not Safe,456.0
ASSAM,2018,4166.31,Not Safe,751.0
ASSAM,2018,4166.31,Not Safe,456.0
ASSAM,2018,4166.31,Not Safe,751.0
ASSAM,2018,4166.31,Not Safe,1051.0
ASSAM,2018,4166.31,Not Safe,751.0
ASSAM,2018,4166.31,Not Safe,751.0
ASSAM,2018,4166.31,Not Safe,366.0
ASSAM,2018,4166.31,Not Safe,181.0
ASSAM,2018,4166.31,Not Safe,456.0
ASSAM,2018,4166.31,Not Safe,1001.0
ASSAM,2018,4166.31,Not Safe,361.0
ASSAM,2018,4166.31,Not Safe,751.0
ASSAM,2018,4166.31,Not Safe,120180.0
ASSAM,2018,4166.31,Not Safe,755.0
ASSAM,2018,4166.31,Not Safe,366.0
BIHAR,2018,89.761604,Not Safe,7500.0
BIHAR,2018,89.761604,Not Safe,5950.0
BIHAR,2018,89.761604,Not Safe,5500.0
BIHAR,2018,89.761604,Not Safe,11550.0
BIHAR,2018,89.761604,Not Safe,6350.0
CHANDIGARH,2018,22975.29,Not Safe,9001.0
CHHATTISGARH,2018,515.0,Not Safe,
GOA,2018,2435.3708,Not Safe,12.5
GOA,2018,2435.3708,Not Safe,8725.0
GOA,2018,2435.3708,Not Safe,273.5
GOA,2018,2435.3708,Not Safe,6600.0
GOA,2018,2435.3708,Not Safe,1250.0
GOA,2018,2435.3708,Not Safe,4050.0
GOA,2018,2435.3708,Not Safe,39000.0
GOA,2018,2435.3708,Not Safe,4175.0
GUJARAT,2018,2918.5535,Not Safe,33.0
GUJARAT,2018,2918.5535,Not Safe,44.5
GUJARAT,2018,2918.5535,Not Safe,6.5
GUJARAT,2018,2918.5535,Not Safe,276.0
GUJARAT,2018,2918.5535,Not Safe,10.5
GUJARAT,2018,2918.5535,Not Safe,6.0
GUJARAT,2018,2918.5535,Not Safe,3.0
GUJARAT,2018,2918.5535,Not Safe,2.0
GUJARAT,2018,2918.5535,Not Safe,16.5
GUJARAT,2018,2918.5535,Not Safe,15.0
GUJARAT,2018,2918.5535,Not Safe,8.0
GUJARAT,2018,2918.5535,Not Safe,2.0
GUJARAT,2018,2918.5535,Not Safe,25.0
GUJARAT,2018,2918.5535,Not Safe,7.5
GUJARAT,2018,2918.5535,Not Safe,38.0
GUJARAT,2018,2918.5535,Not Safe,29.0
GUJARAT,2018,2918.5535,Not Safe,46.5
GUJARAT,2018,2918.5535,Not Safe,25.0
GUJARAT,2018,2918.5535,Not Safe,24.5
HARYANA,2018,181.0,Not Safe,1500.0
HARYANA,2018,181.0,Not Safe,850.0
HARYANA,2018,181.0,Not Safe,265.0
HIMACHAL PRADESH,2018,99.65117,Not Safe,73.0
HIMACHAL PRADESH,2018,99.65117,Not Safe,4.0
HIMACHAL PRADESH,2018,99.65117,Not Safe,27.5
HIMACHAL PRADESH,2018,99.65117,Not Safe,139.0
HIMACHAL PRADESH,2018,99.65117,Not Safe,13.0
KARNATAKA,2018,9657.167,Not Safe,110055.0
KARNATAKA,2018,9657.167,Not Safe,790.0
KARNATAKA,2018,9657.167,Not Safe,1900.0
KARNATAKA,2018,9657.167,Not Safe,1305.0
KARNATAKA,2018,9657.167,Not Safe,2250.0
KARNATAKA,2018,9657.167,Not Safe,2200.0
KARNATAKA,2018,9657.167,Not Safe,1160.0
KARNATAKA,2018,9657.167,Not Safe,1310.0
KARNATAKA,2018,9657.167,Not Safe,42016.5
KARNATAKA,2018,9657.167,Not Safe,6245.0
KARNATAKA,2018,9657.167,Not Safe,135055.0
KARNATAKA,2018,9657.167,Not Safe,573500.0
KARNATAKA,2018,9657.167,Not Safe,258500.0
KARNATAKA,2018,9657.167,Not Safe,8665.0
KARNATAKA,2018,9657.167,Not Safe,23165.0
KARNATAKA,2018,9657.167,Not Safe,14420.0
KARNATAKA,2018,9657.167,Not Safe,850215.0
KARNATAKA,2018,9657.167,Not Safe,233150.0
KARNATAKA,2018,9657.167,Not Safe,126500.0
KARNATAKA,2018,9657.167,Not Safe,246100.0
KARNATAKA,2018,9657.167,Not Safe,6230.0
KARNATAKA,2018,9657.167,Not Safe,553950.0
KARNATAKA,2018,9657.167,Not Safe,41950.0
KARNATAKA,2018,9657.167,Not Safe,17200.0
KARNATAKA,2018,9657.167,Not Safe,4900.0
KARNATAKA,2018,9657.167,Not Safe,5895.0
KARNATAKA,2018,9657.167,Not Safe,16665.0
KARNATAKA,2018,9657.167,Not Safe,1385.0
KARNATAKA,2018,9657.167,Not Safe,5504.0
KARNATAKA,2018,9657.167,Not Safe,1645.0
KARNATAKA,2018,9657.167,Not Safe,8665.0
KARNATAKA,2018,9657.167,Not Safe,5665.0
KARNATAKA,2018,9657.167,Not Safe,8515.5
KARNATAKA,2018,9657.167,Not Safe,85170.0
KARNATAKA,2018,9657.167,Not Safe,1815.0
KARNATAKA,2018,9657.167,Not Safe,10250.0
KARNATAKA,2018,9657.167,Not Safe,613.0
KARNATAKA,2018,9657.167,Not Safe,9.5
KARNATAKA,2018,9657.167,Not Safe,1240.0
KARNATAKA,2018,9657.167,Not Safe,4900.0
KARNATAKA,2018,9657.167,Not Safe,8555.0
KARNATAKA,2018,9657.167,Not Safe,2565.0
KARNATAKA,2018,9657.167,Not Safe,26800.0
KARNATAKA,2018,9657.167,Not Safe,55240.0
KARNATAKA,2018,9657.167,Not Safe,23165.0
KARNATAKA,2018,9657.167,Not Safe,290105.0
KARNATAKA,2018,9657.167,Not Safe,470155.0
KARNATAKA,2018,9657.167,Not Safe,351650.0
KARNATAKA,2018,9657.167,Not Safe,395240.0
KARNATAKA,2018,9657.167,Not Safe,230700.0
KARNATAKA,2018,9657.167,Not Safe,4310.0
KARNATAKA,2018,9657.167,Not Safe,15100.0
KARNATAKA,2018,9657.167,Not Safe,8665.0
KARNATAKA,2018,9657.167,Not Safe,25550.0
KARNATAKA,2018,9657.167,Not Safe,39635.0
KARNATAKA,2018,9657.167,Not Safe,15730.0
KARNATAKA,2018,9657.167,Not Safe,14165.0
KARNATAKA,2018,9657.167,Not Safe,176550.0
KARNATAKA,2018,9657.167,Not Safe,245395.0
KARNATAKA,2018,9657.167,Not Safe,14850.0
KARNATAKA,2018,9657.167,Not Safe,35105.0
KARNATAKA,2018,9657.167,Not Safe,24085.0
KARNATAKA,2018,9657.167,Not Safe,153000.0
KARNATAKA,2018,9657.167,Not Safe,4865.0
KARNATAKA,2018,9657.167,Not Safe,14470.0
KARNATAKA,2018,9657.167,Not Safe,14155.0
KARNATAKA,2018,9657.167,Not Safe,2465.0
KARNATAKA,2018,9657.167,Not Safe,8730.0
KARNATAKA,2018,9657.167,Not Safe,320.0
KARNATAKA,2018,9657.167,Not Safe,2110.0
KARNATAKA,2018,9657.167,Not Safe,1440.0
KARNATAKA,2018,9657.167,Not Safe,245.0
KARNATAKA,2018,9657.167,Not Safe,139.0
KARNATAKA,2018,9657.167,Not Safe,124.0
KARNATAKA,2018,9657.167,Not Safe,106.5
KARNATAKA,2018,9657.167,Not Safe,190.0
KARNATAKA,2018,9657.167,Not Safe,215.0
KARNATAKA,2018,9657.167,Not Safe,144.0
KARNATAKA,2018,9657.167,Not Safe,166.5
KARNATAKA,2018,9657.167,Not Safe,177.0
KARNATAKA,2018,9657.167,Not Safe,175.0
KARNATAKA,2018,9657.167,Not Safe,131.0
KARNATAKA,2018,9657.167,Not Safe,160.5
KARNATAKA,2018,9657.167,Not Safe,181.5
KARNATAKA,2018,9657.167,Not Safe,1850.0
KARNATAKA,2018,9657.167,Not Safe,910.0
KARNATAKA,2018,9657.167,Not Safe,1800.0
KARNATAKA,2018,9657.167,Not Safe,1800.0
KARNATAKA,2018,9657.167,Not Safe,975.0
KARNATAKA,2018,9657.167,Not Safe,490.0
KARNATAKA,2018,9657.167,Not Safe,515.0
KARNATAKA,2018,9657.167,Not Safe,95.0
KARNATAKA,2018,9657.167,Not Safe,210.0
KARNATAKA,2018,9657.167,Not Safe,340.0
KARNATAKA,2018,9657.167,Not Safe,562.5
KARNATAKA,2018,9657.167,Not Safe,885.0
KARNATAKA,2018,9657.167,Not Safe,485.0
KARNATAKA,2018,9657.167,Not Safe,455.0
KARNATAKA,2018,9657.167,Not Safe,35850.0
KARNATAKA,2018,9657.167,Not Safe,820.0
KARNATAKA,2018,9657.167,Not Safe,875.0
KARNATAKA,2018,9657.167,Not Safe,96000.0
KARNATAKA,2018,9657.167,Not Safe,30400.0
KERALA,2018,89.88569,Not Safe,2200.0
KERALA,2018,89.88569,Not Safe,105.0
KERALA,2018,89.88569,Not Safe,245.0
KERALA,2018,89.88569,Not Safe,4010.0
KERALA,2018,89.88569,Not Safe,10.0
KERALA,2018,89.88569,Not Safe,300.0
KERALA,2018,89.88569,Not Safe,370.0
KERALA,2018,89.88569,Not Safe,190.0
KERALA,2018,89.88569,Not Safe,2039.5
KERALA,2018,89.88569,Not Safe,860.0
KERALA,2018,89.88569,Not Safe,551.0
LAKSHADWEEP,2018,704.3229,Not Safe,
MADHYA PRADESH,2018,700.49,Not Safe,86.0
MADHYA PRADESH,2018,700.49,Not Safe,515.0
MADHYA PRADESH,2018,700.49,Not Safe,2.0
MADHYA PRADESH,2018,700.49,Not Safe,6.0
MADHYA PRADESH,2018,700.49,Not Safe,8.5
MADHYA PRADESH,2018,700.49,Not Safe,6.0
MADHYA PRADESH,2018,700.49,Not Safe,2.0
MADHYA PRADESH,2018,700.49,Not Safe,2.0
MADHYA PRADESH,2018,700.49,Not Safe,2.0
MADHYA PRADESH,2018,700.49,Not Safe,2.0
MADHYA PRADESH,2018,700.49,Not Safe,216.0
MADHYA PRADESH,2018,700.49,Not Safe,141.0
MADHYA PRADESH,2018,700.49,Not Safe,176.0
MADHYA PRADESH,2018,700.49,Not Safe,461.0
MADHYA PRADESH,2018,700.49,Not Safe,2.0
MADHYA PRADESH,2018,700.49,Not Safe,176.0
MADHYA PRADESH,2018,700.49,Not Safe,2.0
MADHYA PRADESH,2018,700.49,Not Safe,2.0
MADHYA PRADESH,2018,700.49,Not Safe,1703.0
MADHYA PRADESH,2018,700.49,Not Safe,12.5
MADHYA PRADESH,2018,700.49,Not Safe,216.0
MADHYA PRADESH,2018,700.49,Not Safe,801.0
MADHYA PRADESH,2018,700.49,Not Safe,66.0
MADHYA PRADESH,2018,700.49,Not Safe,2.0
MADHYA PRADESH,2018,700.49,Not Safe,2.0
MADHYA PRADESH,2018,700.49,Not Safe,801.0
MADHYA PRADESH,2018,700.49,Not Safe,36.0
MADHYA PRADESH,2018,700.49,Not Safe,2.0
MADHYA PRADESH,2018,700.49,Not Safe,2.0
MEGHALAYA,2018,205.0286,Not Safe,1850.0
MEGHALAYA,2018,205.0286,Not Safe,1245.0
MEGHALAYA,2018,205.0286,Not Safe,19.0
MEGHALAYA,2018,205.0286,Not Safe,2350.0
MEGHALAYA,2018,205.0286,Not Safe,1700.0
MEGHALAYA,2018,205.0286,Not Safe,1750.0
MEGHALAYA,2018,205.0286,Not Safe,30.0
ODISHA,2018,4001.9958,Not Safe,1760.0
ODISHA,2018,4001.9958,Not Safe,1660.0
ODISHA,2018,4001.9958,Not Safe,1210.0
ODISHA,2018,4001.9958,Not Safe,1210.0
ODISHA,2018,4001.9958,Not Safe,1760.0
ODISHA,2018,4001.9958,Not Safe,80065.0
ODISHA,2018,4001.9958,Not Safe,8001.0
ODISHA,2018,4001.9958,Not Safe,8001.0
ODISHA,2018,4001.9958,Not Safe,8039.0
ODISHA,2018,4001.9958,Not Safe,8165.0
ODISHA,2018,4001.9958,Not Safe,8010.0
ODISHA,2018,4001.9958,Not Safe,1260.0
ODISHA,2018,4001.9958,Not Safe,8010.0
PUDUCHERRY,2018,89.38012,Not Safe,53.5
PUNJAB,2018,58.149124,Not Safe,1215.0
PUNJAB,2018,58.149124,Not Safe,1165.0
PUNJAB,2018,58.149124,Not Safe,56.0
RAJASTHAN,2018,25.0,Safe,190.5
RAJASTHAN,2018,25.0,Safe,21.0
RAJASTHAN,2018,25.0,Safe,13.5
RAJASTHAN,2018,25.0,Safe,15.5
RAJASTHAN,2018,25.0,Safe,7.5
RAJASTHAN,2018,25.0,Safe,9.0
RAJASTHAN,2018,25.0,Safe,35.5
RAJASTHAN,2018,25.0,Safe,9.0
RAJASTHAN,2018,25.0,Safe,13.5
RAJASTHAN,2018,25.0,Safe,10.5
RAJASTHAN,2018,25.0,Safe,14.0
RAJASTHAN,2018,25.0,Safe,21.0
RAJASTHAN,2018,25.0,Safe,48.0
RAJASTHAN,2018,25.0,Safe,9.0
TAMIL NADU,2018,849.828,Not Safe,56.0
TAMIL NADU,2018,849.828,Not Safe,1155.0
TAMIL NADU,2018,849.828,Not Safe,354.0
TAMIL NADU,2018,849.828,Not Safe,567.0
TAMIL NADU,2018,849.828,Not Safe,231.0
TAMIL NADU,2018,849.828,Not Safe,106.0
TAMIL NADU,2018,849.828,Not Safe,171.0
TELANGANA,2018,48.0,Safe,12.0
TELANGANA,2018,48.0,Safe,17.0
TELANGANA,2018,48.0,Safe,19.0
TELANGANA,2018,48.0,Safe,60.5
TELANGANA,2018,48.0,Safe,5.0
TELANGANA,2018,48.0,Safe,76.0
TELANGANA,2018,48.0,Safe,95.0
TELANGANA,2018,48.0,Safe,49.5
TELANGANA,2018,48.0,Safe,17.5
TELANGANA,2018,48.0,Safe,250.0
TELANGANA,2018,48.0,Safe,230.0
TELANGANA,2018,48.0,Safe,16.0
TELANGANA,2018,48.0,Safe,91.0
TELANGANA,2018,48.0,Safe,111.0
TELANGANA,2018,48.0,Safe,410.0
TELANGANA,2018,48.0,Safe,13.5
TELANGANA,2018,48.0,Safe,61.0
TELANGANA,2018,48.0,Safe,161.0
TELANGANA,2018,48.0,Safe,401.0
TELANGANA,2018,48.0,Safe,401.0
TELANGANA,2018,48.0,Safe,401.0
TELANGANA,2018,48.0,Safe,401.0
TELANGANA,2018,48.0,Safe,211.0
TELANGANA,2018,48.0,Safe,111.0
TELANGANA,2018,48.0,Safe,45.0
TELANGANA,2018,48.0,Safe,12.5
TELANGANA,2018,48.0,Safe,111.0
TELANGANA,2018,48.0,Safe,261.0
TELANGANA,2018,48.0,Safe,245.0
TELANGANA,2018,48.0,Safe,401.0
TELANGANA,2018,48.0,Safe,211.0
TELANGANA,2018,48.0,Safe,241.0
TELANGANA,2018,48.0,Safe,13.0
TELANGANA,2018,48.0,Safe,65.0
TELANGANA,2018,48.0,Safe,128.0
TELANGANA,2018,48.0,Safe,51.0
TELANGANA,2018,48.0,Safe,271.0
TELANGANA,2018,48.0,Safe,427.5
TELANGANA,2018,48.0,Safe,13.5
TELANGANA,2018,48.0,Safe,51.0
TELANGANA,2018,48.0,Safe,51.0
TELANGANA,2018,48.0,Safe,111.0
TELANGANA,2018,48.0,Safe,14.5
TELANGANA,2018,48.0,Safe,7.0
TELANGANA,2018,48.0,Safe,44.5
TELANGANA,2018,48.0,Safe,125.5
TELANGANA,2018,48.0,Safe,3.5
TELANGANA,2018,48.0,Safe,17.0
TELANGANA,2018,48.0,Safe,32.0
TELANGANA,2018,48.0,Safe,401.0
TELANGANA,2018,48.0,Safe,211.0
TELANGANA,2018,48.0,Safe,8.0
TELANGANA,2018,48.0,Safe,7.0
TELANGANA,2018,48.0,Safe,31.0
TELANGANA,2018,48.0,Safe,4.5
TELANGANA,2018,48.0,Safe,2.5
TELANGANA,2018,48.0,Safe,3.0
TELANGANA,2018,48.0,Safe,4.0
TELANGANA,2018,48.0,Safe,48.0
TELANGANA,2018,48.0,Safe,22.5
TELANGANA,2018,48.0,Safe,27.0
TELANGANA,2018,48.0,Safe,33.5
ANDHRA PRADESH,2019,17.0,Safe,17.0
ANDHRA PRADESH,2019,17.0,Safe,150.0
ASSAM,2019,1150.0,Not Safe,181.0
ASSAM,2019,1150.0,Not Safe,515.0
ASSAM,2019,1150.0,Not Safe,181.0
ASSAM,2019,1150.0,Not Safe,366.0
ASSAM,2019,1150.0,Not Safe,515.0
ASSAM,2019,1150.0,Not Safe,151.0
ASSAM,2019,1150.0,Not Safe,366.0
ASSAM,2019,1150.0,Not Safe,700.0
ASSAM,2019,1150.0,Not Safe,181.0
ASSAM,2019,1150.0,Not Safe,366.0
ASSAM,2019,1150.0,Not Safe,366.0
ASSAM,2019,1150.0,Not Safe,605.0
ASSAM,2019,1150.0,Not Safe,900.0
ASSAM,2019,1150.0,Not Safe,551.0
ASSAM,2019,1150.0,Not Safe,366.0
ASSAM,2019,1150.0,Not Safe,515.0
ASSAM,2019,1150.0,Not Safe,700.0
ASSAM,2019,1150.0,Not Safe,1750.0
ASSAM,2019,1150.0,Not Safe,1150.0
ASSAM,2019,1150.0,Not Safe,510.0
ASSAM,2019,1150.0,Not Safe,751.0
ASSAM,2019,1150.0,Not Safe,351.0
ASSAM,2019,1150.0,Not Safe,900.0
ASSAM,2019,1150.0,Not Safe,366.0
ASSAM,2019,1150.0,Not Safe,181.0
ASSAM,2019,1150.0,Not Safe,366.0
ASSAM,2019,1150.0,Not Safe,456.0
ASSAM,2019,1150.0,Not Safe,751.0
ASSAM,2019,1150.0,Not Safe,351.0
ASSAM,2019,1150.0,Not Safe,2.0
ASSAM,2019,1150.0,Not Safe,1710.0
ASSAM,2019,1150.0,Not Safe,751.0
ASSAM,2019,1150.0,Not Safe,151.0
ASSAM,2019,1150.0,Not Safe,181.0
BIHAR,2019,794.0709,Not Safe,5500.0
BIHAR,2019,794.0709,Not Safe,11090.0
BIHAR,2019,794.0709,Not Safe,18200.0
BIHAR,2019,794.0709,Not Safe,12050.0
BIHAR,2019,794.0709,Not Safe,8965.0
CHANDIGARH,2019,5.0,Safe,
CHHATTISGARH,2019,515.0,Not Safe,91.0
CHHATTISGARH,2019,515.0,Not Safe,141.0
DELHI,2019,3983.1523,Not Safe,11000.0
DELHI,2019,3983.1523,Not Safe,1210.0
DELHI,2019,3983.1523,Not Safe,49000.0
GOA,2019,674.5452,Not Safe,56.0
GOA,2019,674.5452,Not Safe,2695.0
GOA,2019,674.5452,Not Safe,2460.0
GOA,2019,674.5452,Not Safe,15950.0
GOA,2019,674.5452,Not Safe,2550.0
GOA,2019,674.5452,Not Safe,3600.0
GUJARAT,2019,120.0,Not Safe,29.0
GUJARAT,2019,120.0,Not Safe,35.0
GUJARAT,2019,120.0,Not Safe,3.0
GUJARAT,2019,120.0,Not Safe,118.0
GUJARAT,2019,120.0,Not Safe,68.5
GUJARAT,2019,120.0,Not Safe,62.0
GUJARAT,2019,120.0,Not Safe,7.0
GUJARAT,2019,120.0,Not Safe,6.5
GUJARAT,2019,120.0,Not Safe,61.0
GUJARAT,2019,120.0,Not Safe,21.5
GUJARAT,2019,120.0,Not Safe,8.5
GUJARAT,2019,120.0,Not Safe,265.0
GUJARAT,2019,120.0,Not Safe,26.5
GUJARAT,2019,120.0,Not Safe,4.0
GUJARAT,2019,120.0,Not Safe,48.0
GUJARAT,2019,120.0,Not Safe,177.0
GUJARAT,2019,120.0,Not Safe,11.5
GUJARAT,2019,120.0,Not Safe,13.5
GUJARAT,2019,120.0,Not Safe,44.0
HARYANA,2019,748.92926,Not Safe,6750.0
HARYANA,2019,748.92926,Not Safe,78500.0
HIMACHAL PRADESH,2019,22.5,Safe,68.5
HIMACHAL PRADESH,2019,22.5,Safe,3.0
HIMACHAL PRADESH,2019,22.5,Safe,22.5
HIMACHAL PRADESH,2019,22.5,Safe,147.0
HIMACHAL PRADESH,2019,22.5,Safe,7.5
KARNATAKA,2019,2182.445,Not Safe,39815.0
KARNATAKA,2019,2182.445,Not Safe,675.0
KARNATAKA,2019,2182.445,Not Safe,2850.0
KARNATAKA,2019,2182.445,Not Safe,1470.0
KARNATAKA,2019,2182.445,Not Safe,4650.0
KARNATAKA,2019,2182.445,Not Safe,4250.0
KARNATAKA,2019,2182.445,Not Safe,5200.0
KARNATAKA,2019,2182.445,Not Safe,1510.0
KARNATAKA,2019,2182.445,Not Safe,121050.0
KARNATAKA,2019,2182.445,Not Safe,110350.0
KARNATAKA,2019,2182.445,Not Safe,55240.0
KARNATAKA,2019,2182.445,Not Safe,200350.0
KARNATAKA,2019,2182.445,Not Safe,850230.0
KARNATAKA,2019,2182.445,Not Safe,55235.0
KARNATAKA,2019,2182.445,Not Safe,107400.0
KARNATAKA,2019,2182.445,Not Safe,35420.0
KARNATAKA,2019,2182.445,Not Safe,11350.0
KARNATAKA,2019,2182.445,Not Safe,70315.0
KARNATAKA,2019,2182.445,Not Safe,8400.0
KARNATAKA,2019,2182.445,Not Safe,47230.0
KARNATAKA,2019,2182.445,Not Safe,10740.0
KARNATAKA,2019,2182.445,Not Safe,55470.0
KARNATAKA,2019,2182.445,Not Safe,11230.0
KARNATAKA,2019,2182.445,Not Safe,24550.0
KARNATAKA,2019,2182.445,Not Safe,8815.0
KARNATAKA,2019,2182.445,Not Safe,48400.0
KARNATAKA,2019,2182.445,Not Safe,35230.0
KARNATAKA,2019,2182.445,Not Safe,17970.0
KARNATAKA,2019,2182.445,Not Safe,200230.0
KARNATAKA,2019,2182.445,Not Safe,350235.0
KARNATAKA,2019,2182.445,Not Safe,60470.0
KARNATAKA,2019,2182.445,Not Safe,7730.0
KARNATAKA,2019,2182.445,Not Safe,1010.0
KARNATAKA,2019,2182.445,Not Safe,1040.0
KARNATAKA,2019,2182.445,Not Safe,485.0
KARNATAKA,2019,2182.445,Not Safe,77400.0
KARNATAKA,2019,2182.445,Not Safe,470130.0
KARNATAKA,2019,2182.445,Not Safe,29350.0
KARNATAKA,2019,2182.445,Not Safe,14035.0
KARNATAKA,2019,2182.445,Not Safe,7315.0
KARNATAKA,2019,2182.445,Not Safe,10705.0
KARNATAKA,2019,2182.445,Not Safe,850350.0
KARNATAKA,2019,2182.445,Not Safe,35230.0
KARNATAKA,2019,2182.445,Not Safe,42230.0
KARNATAKA,2019,2182.445,Not Safe,420315.0
KARNATAKA,2019,2182.445,Not Safe,232300.0
KARNATAKA,2019,2182.445,Not Safe,42420.0
KARNATAKA,2019,2182.445,Not Safe,7230.0
KARNATAKA,2019,2182.445,Not Safe,850230.0
KARNATAKA,2019,2182.445,Not Safe,1400.0
KARNATAKA,2019,2182.445,Not Safe,8400.0
KARNATAKA,2019,2182.445,Not Safe,4600.0
KARNATAKA,2019,2182.445,Not Safe,7000.0
KARNATAKA,2019,2182.445,Not Safe,288.0
KARNATAKA,2019,2182.445,Not Safe,17500.0
KARNATAKA,2019,2182.445,Not Safe,4223.0
KARNATAKA,2019,2182.445,Not Safe,16.5
KARNATAKA,2019,2182.445,Not Safe,1095.0
KARNATAKA,2019,2182.445,Not Safe,35315.0
KARNATAKA,2019,2182.445,Not Safe,70315.0
KARNATAKA,2019,2182.445,Not Safe,89700.0
KARNATAKA,2019,2182.445,Not Safe,48650.0
KARNATAKA,2019,2182.445,Not Safe,47470.0
KARNATAKA,2019,2182.445,Not Safe,62350.0
KARNATAKA,2019,2182.445,Not Safe,245315.0
KARNATAKA,2019,2182.445,Not Safe,85600.0
KARNATAKA,2019,2182.445,Not Safe,70240.0
KARNATAKA,2019,2182.445,Not Safe,55230.0
KARNATAKA,2019,2182.445,Not Safe,47190.0
KARNATAKA,2019,2182.445,Not Safe,56400.0
KARNATAKA,2019,2182.445,Not Safe,1050.0
KARNATAKA,2019,2182.445,Not Safe,42315.0
KARNATAKA,2019,2182.445,Not Safe,750290.0
KARNATAKA,2019,2182.445,Not Safe,110470.0
KARNATAKA,2019,2182.445,Not Safe,35350.0
KARNATAKA,2019,2182.445,Not Safe,110470.0
KARNATAKA,2019,2182.445,Not Safe,47700.0
KARNATAKA,2019,2182.445,Not Safe,14550.0
KARNATAKA,2019,2182.445,Not Safe,232350.0
KARNATAKA,2019,2182.445,Not Safe,85315.0
KARNATAKA,2019,2182.445,Not Safe,23850.0
KARNATAKA,2019,2182.445,Not Safe,53000.0
KARNATAKA,2019,2182.445,Not Safe,85315.0
KARNATAKA,2019,2182.445,Not Safe,86300.0
KARNATAKA,2019,2182.445,Not Safe,110470.0
KARNATAKA,2019,2182.445,Not Safe,31705.0
KARNATAKA,2019,2182.445,Not Safe,390.0
KARNATAKA,2019,2182.445,Not Safe,470.0
KARNATAKA,2019,2182.445,Not Safe,465.0
KARNATAKA,2019,2182.445,Not Safe,2110.0
KARNATAKA,2019,2182.445,Not Safe,895.0
KARNATAKA,2019,2182.445,Not Safe,425.0
KARNATAKA,2019,2182.445,Not Safe,216.5
KARNATAKA,2019,2182.445,Not Safe,280.0
KARNATAKA,2019,2182.445,Not Safe,460.0
KARNATAKA,2019,2182.445,Not Safe,295.0
KARNATAKA,2019,2182.445,Not Safe,215.0
KARNATAKA,2019,2182.445,Not Safe,295.0
KARNATAKA,2019,2182.445,Not Safe,315.0
KARNATAKA,2019,2182.445,Not Safe,220.0
KARNATAKA,2019,2182.445,Not Safe,225.0
KARNATAKA,2019,2182.445,Not Safe,195.0
KARNATAKA,2019,2182.445,Not Safe,145.0
KARNATAKA,2019,2182.445,Not Safe,475.0
KARNATAKA,2019,2182.445,Not Safe,152.0
KARNATAKA,2019,2182.445,Not Safe,241.0
KARNATAKA,2019,2182.445,Not Safe,265.0
KARNATAKA,2019,2182.445,Not Safe,1245.0
KARNATAKA,2019,2182.445,Not Safe,1350.0
KARNATAKA,2019,2182.445,Not Safe,1040.0
KARNATAKA,2019,2182.445,Not Safe,515.0
KARNATAKA,2019,2182.445,Not Safe,475.0
KARNATAKA,2019,2182.445,Not Safe,119.0
KARNATAKA,2019,2182.445,Not Safe,130.0
KARNATAKA,2019,2182.445,Not Safe,462.5
KARNATAKA,2019,2182.445,Not Safe,467.5
KARNATAKA,2019,2182.445,Not Safe,467.5
KARNATAKA,2019,2182.445,Not Safe,335.0
KARNATAKA,2019,2182.445,Not Safe,560.0
KARNATAKA,2019,2182.445,Not Safe,27500.0
KARNATAKA,2019,2182.445,Not Safe,950.0
KARNATAKA,2019,2182.445,Not Safe,1100.0
KARNATAKA,2019,2182.445,Not Safe,96000.0
KARNATAKA,2019,2182.445,Not Safe,2850.0
KARNATAKA,2019,2182.445,Not Safe,183.5
KARNATAKA,2019,2182.445,Not Safe,4865.0
KARNATAKA,2019,2182.445,Not Safe,60170.0
KARNATAKA,2019,2182.445,Not Safe,47042.0
KARNATAKA,2019,2182.445,Not Safe,753500.0
KARNATAKA,2019,2182.445,Not Safe,35850.0
KARNATAKA,2019,2182.445,Not Safe,140230.0
KARNATAKA,2019,2182.445,Not Safe,35000.0
KARNATAKA,2019,2182.445,Not Safe,39850.0
KERALA,2019,53.533848,Not Safe,840.0
KERALA,2019,53.533848,Not Safe,120.0
KERALA,2019,53.533848,Not Safe,396.0
KERALA,2019,53.533848,Not Safe,301.0
KERALA,2019,53.533848,Not Safe,21.0
KERALA,2019,53.533848,Not Safe,91.0
KERALA,2019,53.533848,Not Safe,82.5
KERALA,2019,53.533848,Not Safe,246.0
KERALA,2019,53.533848,Not Safe,1279.0
KERALA,2019,53.533848,Not Safe,127.0
KERALA,2019,53.533848,Not Safe,520.0
KERALA,2019,53.533848,Not Safe,400.0
KERALA,2019,53.533848,Not Safe,305.0
LAKSHADWEEP,2019,704.3229,Not Safe,
MADHYA PRADESH,2019,9.0,Safe,2.0
MADHYA PRADESH,2019,9.0,Safe,155.0
MADHYA PRADESH,2019,9.0,Safe,2.0
MADHYA PRADESH,2019,9.0,Safe,7.0
MADHYA PRADESH,2019,9.0,Safe,4.0
MADHYA PRADESH,2019,9.0,Safe,2.0
MADHYA PRADESH,2019,9.0,Safe,2.0
MADHYA PRADESH,2019,9.0,Safe,2.0
MADHYA PRADESH,2019,9.0,Safe,2.0
MADHYA PRADESH,2019,9.0,Safe,2.0
MADHYA PRADESH,2019,9.0,Safe,121.0
MADHYA PRADESH,2019,9.0,Safe,2.0
MADHYA PRADESH,2019,9.0,Safe,2.0
MADHYA PRADESH,2019,9.0,Safe,2.0
MADHYA PRADESH,2019,9.0,Safe,2.0
MADHYA PRADESH,2019,9.0,Safe,2.0
MADHYA PRADESH,2019,9.0,Safe,2.0
MADHYA PRADESH,2019,9.0,Safe,2.0
MADHYA PRADESH,2019,9.0,Safe,3.0
MADHYA PRADESH,2019,9.0,Safe,20.5
MADHYA PRADESH,2019,9.0,Safe,25.0
MADHYA PRADESH,2019,9.0,Safe,2.0
MADHYA PRADESH,2019,9.0,Safe,19.0
MADHYA PRADESH,2019,9.0,Safe,4.0
MADHYA PRADESH,2019,9.0,Safe,121.0
MADHYA PRADESH,2019,9.0,Safe,176.0
MADHYA PRADESH,2019,9.0,Safe,61.0
MADHYA PRADESH,2019,9.0,Safe,2.0
MADHYA PRADESH,2019,9.0,Safe,3.0
MADHYA PRADESH,2019,9.0,Safe,2.0
MADHYA PRADESH,2019,9.0,Safe,71.0
MADHYA PRADESH,2019,9.0,Safe,43.0
MADHYA PRADESH,2019,9.0,Safe,2.0
MADHYA PRADESH,2019,9.0,Safe,2.0
MADHYA PRADESH,2019,9.0,Safe,6.0
MEGHALAYA,2019,265.0,Not Safe,1620.0
MEGHALAYA,2019,265.0,Not Safe,1220.0
MEGHALAYA,2019,265.0,Not Safe,22.5
MEGHALAYA,2019,265.0,Not Safe,1745.0
MEGHALAYA,2019,265.0,Not Safe,1555.0
MEGHALAYA,2019,265.0,Not Safe,1490.0
MEGHALAYA,2019,265.0,Not Safe,34.0
ODISHA,2019,877.2184,Not Safe,1760.0
ODISHA,2019,877.2184,Not Safe,265.0
ODISHA,2019,877.2184,Not Safe,710.0
ODISHA,2019,877.2184,Not Safe,2320.0
ODISHA,2019,877.2184,Not Safe,1660.0
ODISHA,2019,877.2184,Not Safe,27022.5
ODISHA,2019,877.2184,Not Safe,8001.0
ODISHA,2019,877.2184,Not Safe,265.0
ODISHA,2019,877.2184,Not Safe,8010.0
ODISHA,2019,877.2184,Not Safe,1210.0
ODISHA,2019,877.2184,Not Safe,8065.0
ODISHA,2019,877.2184,Not Safe,860.0
ODISHA,2019,877.2184,Not Safe,8010.0
PUDUCHERRY,2019,20.044004,Safe,260.0
PUDUCHERRY,2019,20.044004,Safe,325.0
PUDUCHERRY,2019,20.044004,Safe,4340.0
PUNJAB,2019,1004.62286,Not Safe,1500.0
PUNJAB,2019,1004.62286,Not Safe,1230.0
PUNJAB,2019,1004.62286,Not Safe,34.5
RAJASTHAN,2019,329.9027,Not Safe,37.5
RAJASTHAN,2019,329.9027,Not Safe,79.5
RAJASTHAN,2019,329.9027,Not Safe,47.5
RAJASTHAN,2019,329.9027,Not Safe,25.0
RAJASTHAN,2019,329.9027,Not Safe,15.0
RAJASTHAN,2019,329.9027,Not Safe,51.0
RAJASTHAN,2019,329.9027,Not Safe,47.5
RAJASTHAN,2019,329.9027,Not Safe,15.0
RAJASTHAN,2019,329.9027,Not Safe,24.0
RAJASTHAN,2019,329.9027,Not Safe,52.0
RAJASTHAN,2019,329.9027,Not Safe,52.0
RAJASTHAN,2019,329.9027,Not Safe,52.0
RAJASTHAN,2019,329.9027,Not Safe,25.0
RAJASTHAN,2019,329.9027,Not Safe,36.5
RAJASTHAN,2019,329.9027,Not Safe,86.5
RAJASTHAN,2019,329.9027,Not Safe,139.5
RAJASTHAN,2019,329.9027,Not Safe,130.0
RAJASTHAN,2019,329.9027,Not Safe,36.5
TAMIL NADU,2019,813.4453,Not Safe,54.5
TAMIL NADU,2019,813.4453,Not Safe,435.0
TAMIL NADU,2019,813.4453,Not Safe,379.5
TAMIL NADU,2019,813.4453,Not Safe,121.0
TAMIL NADU,2019,813.4453,Not Safe,265.0
TAMIL NADU,2019,813.4453,Not Safe,126.0
TAMIL NADU,2019,813.4453,Not Safe,265.0
TAMIL NADU,2019,813.4453,Not Safe,265.0
TELANGANA,2019,444.5628,Not Safe,470.0
TELANGANA,2019,444.5628,Not Safe,36.0
TELANGANA,2019,444.5628,Not Safe,5.0
TELANGANA,2019,444.5628,Not Safe,24.0
TELANGANA,2019,444.5628,Not Safe,29.0
TELANGANA,2019,444.5628,Not Safe,57.0
TELANGANA,2019,444.5628,Not Safe,2.0
TELANGANA,2019,444.5628,Not Safe,2.0
TELANGANA,2019,444.5628,Not Safe,25.5
TELANGANA,2019,444.5628,Not Safe,35.0
TELANGANA,2019,444.5628,Not Safe,23.0
TELANGANA,2019,444.5628,Not Safe,24.0
TELANGANA,2019,444.5628,Not Safe,22.0
TELANGANA,2019,444.5628,Not Safe,53.5
TELANGANA,2019,444.5628,Not Safe,70.0
TELANGANA,2019,444.5628,Not Safe,91.0
TELANGANA,2019,444.5628,Not Safe,34.5
TELANGANA,2019,444.5628,Not Safe,31.5
TELANGANA,2019,444.5628,Not Safe,14.0
TELANGANA,2019,444.5628,Not Safe,12.0
TELANGANA,2019,444.5628,Not Safe,24.0
TELANGANA,2019,444.5628,Not Safe,21.0
TELANGANA,2019,444.5628,Not Safe,265.0
TELANGANA,2019,444.5628,Not Safe,2.0
TELANGANA,2019,444.5628,Not Safe,116.0
TELANGANA,2019,444.5628,Not Safe,18.5
TELANGANA,2019,444.5628,Not Safe,21.0
TELANGANA,2019,444.5628,Not Safe,4.0
TELANGANA,2019,444.5628,Not Safe,4.5
TELANGANA,2019,444.5628,Not Safe,31.0
TELANGANA,2019,444.5628,Not Safe,2.0
TELANGANA,2019,444.5628,Not Safe,10.0
TELANGANA,2019,444.5628,Not Safe,30.0
TELANGANA,2019,444.5628,Not Safe,19.0
TELANGANA,2019,444.5628,Not Safe,19.5
TELANGANA,2019,444.5628,Not Safe,17.0
TELANGANA,2019,444.5628,Not Safe,28.0
TELANGANA,2019,444.5628,Not Safe,36.0
TELANGANA,2019,444.5628,Not Safe,2.0
TELANGANA,2019,444.5628,Not Safe,17.0
TELANGANA,2019,444.5628,Not Safe,2.0
TELANGANA,2019,444.5628,Not Safe,25.5
TELANGANA,2019,444.5628,Not Safe,133.0
TELANGANA,2019,444.5628,Not Safe,25.5
TELANGANA,2019,444.5628,Not Safe,15.0
TELANGANA,2019,444.5628,Not Safe,25.0
TELANGANA,2019,444.5628,Not Safe,40.0
TELANGANA,2019,444.5628,Not Safe,2.0
TELANGANA,2019,444.5628,Not Safe,14.0
TELANGANA,2019,444.5628,Not Safe,2.0
TELANGANA,2019,444.5628,Not Safe,23.0
TELANGANA,2019,444.5628,Not Safe,50.0
TELANGANA,2019,444.5628,Not Safe,39.0
TELANGANA,2019,444.5628,Not Safe,25.5
TELANGANA,2019,444.5628,Not Safe,116.5
TELANGANA,2019,444.5628,Not Safe,21.0
TELANGANA,2019,444.5628,Not Safe,2.0
TELANGANA,2019,444.5628,Not Safe,26.5
TELANGANA,2019,444.5628,Not Safe,2.0
TELANGANA,2019,444.5628,Not Safe,5.0
TELANGANA,2019,444.5628,Not Safe,2.0
TELANGANA,2019,444.5628,Not Safe,4.0
TELANGANA,2019,444.5628,Not Safe,72.0
TELANGANA,2019,444.5628,Not Safe,2.0
TELANGANA,2019,444.5628,Not Safe,57.0
TELANGANA,2019,444.5628,Not Safe,2.0
TELANGANA,2019,444.5628,Not Safe,46.0
TELANGANA,2019,444.5628,Not Safe,2.0
TELANGANA,2019,444.5628,Not Safe,17.0
TELANGANA,2019,444.5628,Not Safe,22.0
TELANGANA,2019,444.5628,Not Safe,2.0
TELANGANA,2019,444.5628,Not Safe,63.0
TELANGANA,2019,444.5628,Not Safe,2.0
TELANGANA,2019,444.5628,Not Safe,2.0
TELANGANA,2019,444.5628,Not Safe,5.0
TELANGANA,2019,444.5628,Not Safe,53.0
TELANGANA,2019,444.5628,Not Safe,10.0
TELANGANA,2019,444.5628,Not Safe,3.0
TELANGANA,2019,444.5628,Not Safe,2.0
TELANGANA,2019,444.5628,Not Safe,2.0
TELANGANA,2019,444.5628,Not Safe,2.0
TELANGANA,2019,444.5628,Not Safe,2.0
TELANGANA,2019,444.5628,Not Safe,35.5
TELANGANA,2019,444.5628,Not Safe,21.0
TELANGANA,2019,444.5628,Not Safe,185.0
TELANGANA,2019,444.5628,Not Safe,2.0
TELANGANA,2019,444.5628,Not Safe,26.0
TELANGANA,2019,444.5628,Not Safe,14.0
TELANGANA,2019,444.5628,Not Safe,40.0
TELANGANA,2019,444.5628,Not Safe,39.0
TRIPURA,2019,65.96305,Not Safe,122.0
TRIPURA,2019,65.96305,Not Safe,100.0
TRIPURA,2019,65.96305,Not Safe,102.0
TRIPURA,2019,65.96305,Not Safe,96.5
TRIPURA,2019,65.96305,Not Safe,94.0
TRIPURA,2019,65.96305,Not Safe,94.0
TRIPURA,2019,65.96305,Not Safe,81.5
TRIPURA,2019,65.96305,Not Safe,99.5
TRIPURA,2019,65.96305,Not Safe,95.0
TRIPURA,2019,65.96305,Not Safe,83.0
TRIPURA,2019,65.96305,Not Safe,98.5
TRIPURA,2019,65.96305,Not Safe,81.5
TRIPURA,2019,65.96305,Not Safe,117.0
TRIPURA,2019,65.96305,Not Safe,82.0
TRIPURA,2019,65.96305,Not Safe,86.5
UTTAR PRADESH,2019,1073.5723,Not Safe,9600.0
UTTAR PRADESH,2019,1073.5723,Not Safe,4600.0
UTTAR PRADESH,2019,1073.5723,Not Safe,1750.0
UTTAR PRADESH,2019,1073.5723,Not Safe,2650.0
WEST BENGAL,2019,6134.8223,Not Safe,3600.0
WEST BENGAL,2019,6134.8223,Not Safe,114000.0
WEST BENGAL,2019,6134.8223,Not Safe,254000.0
WEST BENGAL,2019,6134.8223,Not Safe,465000.0
WEST BENGAL,2019,6134.8223,Not Safe,3350.0
WEST BENGAL,2019,6134.8223,Not Safe,5800.0
WEST BENGAL,2019,6134.8223,Not Safe,150.0
WEST BENGAL,2019,6134.8223,Not Safe,120.0
WEST BENGAL,2019,6134.8223,Not Safe,1250.0
WEST BENGAL,2019,6134.8223,Not Safe,9500.0
WEST BENGAL,2019,6134.8223,Not Safe,355.0
WEST BENGAL,2019,6134.8223,Not Safe,120.0
WEST BENGAL,2019,6134.8223,Not Safe,90.0
ANDHRA PRADESH,2020,5064.3584,Not Safe,19.0
ANDHRA PRADESH,2020,5064.3584,Not Safe,123.5
ASSAM,2020,455.0176,Not Safe,605.0
ASSAM,2020,455.0176,Not Safe,330.0
ASSAM,2020,455.0176,Not Safe,181.0
ASSAM,2020,455.0176,Not Safe,515.0
ASSAM,2020,455.0176,Not Safe,2.0
ASSAM,2020,455.0176,Not Safe,515.0
ASSAM,2020,455.0176,Not Safe,515.0
ASSAM,2020,455.0176,Not Safe,515.0
ASSAM,2020,455.0176,Not Safe,330.0
ASSAM,2020,455.0176,Not Safe,510.0
ASSAM,2020,455.0176,Not Safe,605.0
ASSAM,2020,455.0176,Not Safe,730.0
ASSAM,2020,455.0176,Not Safe,2000.0
ASSAM,2020,455.0176,Not Safe,2650.0
ASSAM,2020,455.0176,Not Safe,3150.0
ASSAM,2020,455.0176,Not Safe,515.0
ASSAM,2020,455.0176,Not Safe,2.0
ASSAM,2020,455.0176,Not Safe,700.0
ASSAM,2020,455.0176,Not Safe,605.0
ASSAM,2020,455.0176,Not Safe,181.0
ASSAM,2020,455.0176,Not Safe,181.0
ASSAM,2020,455.0176,Not Safe,456.0
ASSAM,2020,455.0176,Not Safe,605.0
ASSAM,2020,455.0176,Not Safe,366.0
ASSAM,2020,455.0176,Not Safe,700.0
ASSAM,2020,455.0176,Not Safe,515.0
ASSAM,2020,455.0176,Not Safe,366.0
ASSAM,2020,455.0176,Not Safe,605.0
ASSAM,2020,455.0176,Not Safe,1115.0
ASSAM,2020,455.0176,Not Safe,515.0
ASSAM,2020,455.0176,Not Safe,456.0
ASSAM,2020,455.0176,Not Safe,605.0
ASSAM,2020,455.0176,Not Safe,510.0
ASSAM,2020,455.0176,Not Safe,456.0
ASSAM,2020,455.0176,Not Safe,456.0
ASSAM,2020,455.0176,Not Safe,515.0
ASSAM,2020,455.0176,Not Safe,151.0
ASSAM,2020,455.0176,Not Safe,2.0
ASSAM,2020,455.0176,Not Safe,605.0
ASSAM,2020,455.0176,Not Safe,181.0
ASSAM,2020,455.0176,Not Safe,605.0
ASSAM,2020,455.0176,Not Safe,730.0
ASSAM,2020,455.0176,Not Safe,151.0
ASSAM,2020,455.0176,Not Safe,181.0
ASSAM,2020,455.0176,Not Safe,2.0
BIHAR,2020,5742.1006,Not Safe,80390.0
BIHAR,2020,5742.1006,Not Safe,14550.0
BIHAR,2020,5742.1006,Not Safe,28050.0
BIHAR,2020,5742.1006,Not Safe,88500.0
BIHAR,2020,5742.1006,Not Safe,80180.0
CHANDIGARH,2020,13.522314,Safe,2728.5
CHHATTISGARH,2020,83.6303,Not Safe,180.5
CHHATTISGARH,2020,83.6303,Not Safe,152.5
DELHI,2020,27.0,Safe,
GOA,2020,8553.053,Not Safe,87.5
GOA,2020,8553.053,Not Safe,1700.0
GOA,2020,8553.053,Not Safe,274.0
GOA,2020,8553.053,Not Safe,1395.0
GOA,2020,8553.053,Not Safe,3100.0
GOA,2020,8553.053,Not Safe,5150.0
GOA,2020,8553.053,Not Safe,4050.0
GOA,2020,8553.053,Not Safe,3300.0
GUJARAT,2020,74.85326,Not Safe,44.0
GUJARAT,2020,74.85326,Not Safe,53.5
GUJARAT,2020,74.85326,Not Safe,11.0
GUJARAT,2020,74.85326,Not Safe,280.5
GUJARAT,2020,74.85326,Not Safe,19.0
GUJARAT,2020,74.85326,Not Safe,6.5
GUJARAT,2020,74.85326,Not Safe,9.5
GUJARAT,2020,74.85326,Not Safe,66.0
GUJARAT,2020,74.85326,Not Safe,21.5
GUJARAT,2020,74.85326,Not Safe,7.0
GUJARAT,2020,74.85326,Not Safe,2.0
GUJARAT,2020,74.85326,Not Safe,2.0
GUJARAT,2020,74.85326,Not Safe,53.0
GUJARAT,2020,74.85326,Not Safe,4.5
GUJARAT,2020,74.85326,Not Safe,283.0
GUJARAT,2020,74.85326,Not Safe,905.0
GUJARAT,2020,74.85326,Not Safe,28.0
GUJARAT,2020,74.85326,Not Safe,19.0
GUJARAT,2020,74.85326,Not Safe,87.0
HARYANA,2020,491.3173,Not Safe,1100.0
HARYANA,2020,491.3173,Not Safe,13065.0
HARYANA,2020,491.3173,Not Safe,100.0
HIMACHAL PRADESH,2020,581.81305,Not Safe,101.5
HIMACHAL PRADESH,2020,581.81305,Not Safe,2.0
HIMACHAL PRADESH,2020,581.81305,Not Safe,22.5
HIMACHAL PRADESH,2020,581.81305,Not Safe,199.5
HIMACHAL PRADESH,2020,581.81305,Not Safe,11.0
KARNATAKA,2020,17314.707,Not Safe,17470.0
KARNATAKA,2020,17314.707,Not Safe,765.0
KARNATAKA,2020,17314.707,Not Safe,3200.0
KARNATAKA,2020,17314.707,Not Safe,1140.0
KARNATAKA,2020,17314.707,Not Safe,4200.0
KARNATAKA,2020,17314.707,Not Safe,4550.0
KARNATAKA,2020,17314.707,Not Safe,1650.0
KARNATAKA,2020,17314.707,Not Safe,1505.0
KARNATAKA,2020,17314.707,Not Safe,165850.0
KARNATAKA,2020,17314.707,Not Safe,7970.0
KARNATAKA,2020,17314.707,Not Safe,107050.0
KARNATAKA,2020,17314.707,Not Safe,47315.0
KARNATAKA,2020,17314.707,Not Safe,1052400.0
KARNATAKA,2020,17314.707,Not Safe,48650.0
KARNATAKA,2020,17314.707,Not Safe,37400.0
KARNATAKA,2020,17314.707,Not Safe,17000.0
KARNATAKA,2020,17314.707,Not Safe,55165.0
KARNATAKA,2020,17314.707,Not Safe,23395.0
KARNATAKA,2020,17314.707,Not Safe,35170.0
KARNATAKA,2020,17314.707,Not Safe,39920.0
KARNATAKA,2020,17314.707,Not Safe,60315.0
KARNATAKA,2020,17314.707,Not Safe,65315.0
KARNATAKA,2020,17314.707,Not Safe,70230.0
KARNATAKA,2020,17314.707,Not Safe,700750.0
KARNATAKA,2020,17314.707,Not Safe,600315.0
KARNATAKA,2020,17314.707,Not Safe,470850.0
KARNATAKA,2020,17314.707,Not Safe,4600.0
KARNATAKA,2020,17314.707,Not Safe,4100.0
KARNATAKA,2020,17314.707,Not Safe,6470.0
KARNATAKA,2020,17314.707,Not Safe,600195.0
KARNATAKA,2020,17314.707,Not Safe,20042.0
KARNATAKA,2020,17314.707,Not Safe,710.0
KARNATAKA,2020,17314.707,Not Safe,635.0
KARNATAKA,2020,17314.707,Not Safe,64.5
KARNATAKA,2020,17314.707,Not Safe,601650.0
KARNATAKA,2020,17314.707,Not Safe,42850.0
KARNATAKA,2020,17314.707,Not Safe,230470.0
KARNATAKA,2020,17314.707,Not Safe,75245.0
KARNATAKA,2020,17314.707,Not Safe,17550.0
KARNATAKA,2020,17314.707,Not Safe,850350.0
KARNATAKA,2020,17314.707,Not Safe,31850.0
KARNATAKA,2020,17314.707,Not Safe,85240.0
KARNATAKA,2020,17314.707,Not Safe,26150.0
KARNATAKA,2020,17314.707,Not Safe,31740.0
KARNATAKA,2020,17314.707,Not Safe,247300.0
KARNATAKA,2020,17314.707,Not Safe,8740.0
KARNATAKA,2020,17314.707,Not Safe,77050.0
KARNATAKA,2020,17314.707,Not Safe,10850.0
KARNATAKA,2020,17314.707,Not Safe,475500.0
KARNATAKA,2020,17314.707,Not Safe,49050.0
KARNATAKA,2020,17314.707,Not Safe,31730.0
KARNATAKA,2020,17314.707,Not Safe,58000.0
KARNATAKA,2020,17314.707,Not Safe,167050.0
KARNATAKA,2020,17314.707,Not Safe,76650.0
KARNATAKA,2020,17314.707,Not Safe,5730.0
KARNATAKA,2020,17314.707,Not Safe,22100.0
KARNATAKA,2020,17314.707,Not Safe,350270.0
KARNATAKA,2020,17314.707,Not Safe,35600.0
KARNATAKA,2020,17314.707,Not Safe,47315.0
KARNATAKA,2020,17314.707,Not Safe,600550.0
KARNATAKA,2020,17314.707,Not Safe,550395.0
KARNATAKA,2020,17314.707,Not Safe,24230.0
KARNATAKA,2020,17314.707,Not Safe,55850.0
KARNATAKA,2020,17314.707,Not Safe,11895.0
KARNATAKA,2020,17314.707,Not Safe,4300.0
KARNATAKA,2020,17314.707,Not Safe,7600.0
KARNATAKA,2020,17314.707,Not Safe,70470.0
KARNATAKA,2020,17314.707,Not Safe,725.0
KARNATAKA,2020,17314.707,Not Safe,17150.0
KARNATAKA,2020,17314.707,Not Safe,840.0
KARNATAKA,2020,17314.707,Not Safe,801.0
KARNATAKA,2020,17314.707,Not Safe,1040.0
KARNATAKA,2020,17314.707,Not Safe,470470.0
KARNATAKA,2020,17314.707,Not Safe,7115.0
KARNATAKA,2020,17314.707,Not Safe,35115.0
KARNATAKA,2020,17314.707,Not Safe,107300.0
KARNATAKA,2020,17314.707,Not Safe,75350.0
KARNATAKA,2020,17314.707,Not Safe,85395.0
KARNATAKA,2020,17314.707,Not Safe,600350.0
KARNATAKA,2020,17314.707,Not Safe,24039.5
KARNATAKA,2020,17314.707,Not Safe,750550.0
KARNATAKA,2020,17314.707,Not Safe,240420.0
KARNATAKA,2020,17314.707,Not Safe,11650.0
KARNATAKA,2020,17314.707,Not Safe,47395.0
KARNATAKA,2020,17314.707,Not Safe,24350.0
KARNATAKA,2020,17314.707,Not Safe,702300.0
KARNATAKA,2020,17314.707,Not Safe,60200.0
KARNATAKA,2020,17314.707,Not Safe,70230.0
KARNATAKA,2020,17314.707,Not Safe,56650.0
KARNATAKA,2020,17314.707,Not Safe,470315.0
KARNATAKA,2020,17314.707,Not Safe,29290.0
KARNATAKA,2020,17314.707,Not Safe,65230.0
KARNATAKA,2020,17314.707,Not Safe,9650.0
KARNATAKA,2020,17314.707,Not Safe,70700.0
KARNATAKA,2020,17314.707,Not Safe,5740.0
KARNATAKA,2020,17314.707,Not Safe,49300.0
KARNATAKA,2020,17314.707,Not Safe,471150.0
KARNATAKA,2020,17314.707,Not Safe,230470.0
KARNATAKA,2020,17314.707,Not Safe,85230.0
KARNATAKA,2020,17314.707,Not Safe,23600.0
KARNATAKA,2020,17314.707,Not Safe,5730.0
KARNATAKA,2020,17314.707,Not Safe,470230.0
KARNATAKA,2020,17314.707,Not Safe,35230.0
KARNATAKA,2020,17314.707,Not Safe,7531.5
KARNATAKA,2020,17314.707,Not Safe,680.0
KARNATAKA,2020,17314.707,Not Safe,805.0
KARNATAKA,2020,17314.707,Not Safe,2160.0
KARNATAKA,2020,17314.707,Not Safe,560.0
KARNATAKA,2020,17314.707,Not Safe,550.0
KARNATAKA,2020,17314.707,Not Safe,215.0
KARNATAKA,2020,17314.707,Not Safe,370.0
KARNATAKA,2020,17314.707,Not Safe,500.0
KARNATAKA,2020,17314.707,Not Safe,550.0
KARNATAKA,2020,17314.707,Not Safe,265.0
KARNATAKA,2020,17314.707,Not Safe,480.0
KARNATAKA,2020,17314.707,Not Safe,350.0
KARNATAKA,2020,17314.707,Not Safe,330.0
KARNATAKA,2020,17314.707,Not Safe,405.0
KARNATAKA,2020,17314.707,Not Safe,305.0
KARNATAKA,2020,17314.707,Not Safe,215.0
KARNATAKA,2020,17314.707,Not Safe,775.0
KARNATAKA,2020,17314.707,Not Safe,260.0
KARNATAKA,2020,17314.707,Not Safe,180.0
KARNATAKA,2020,17314.707,Not Safe,190.0
KARNATAKA,2020,17314.707,Not Safe,1450.0
KARNATAKA,2020,17314.707,Not Safe,1350.0
KARNATAKA,2020,17314.707,Not Safe,910.0
KARNATAKA,2020,17314.707,Not Safe,128.5
KARNATAKA,2020,17314.707,Not Safe,92.5
KARNATAKA,2020,17314.707,Not Safe,20.5
KARNATAKA,2020,17314.707,Not Safe,50.5
KARNATAKA,2020,17314.707,Not Safe,26.5
KARNATAKA,2020,17314.707,Not Safe,30.0
KARNATAKA,2020,17314.707,Not Safe,133.0
KARNATAKA,2020,17314.707,Not Safe,370.0
KARNATAKA,2020,17314.707,Not Safe,7800.0
KARNATAKA,2020,17314.707,Not Safe,8000.0
KARNATAKA,2020,17314.707,Not Safe,700.0
KARNATAKA,2020,17314.707,Not Safe,1150.0
KARNATAKA,2020,17314.707,Not Safe,95000.0
KARNATAKA,2020,17314.707,Not Safe,22500.0
KARNATAKA,2020,17314.707,Not Safe,6700.0
KARNATAKA,2020,17314.707,Not Safe,15.0
KARNATAKA,2020,17314.707,Not Safe,8700.0
KARNATAKA,2020,17314.707,Not Safe,7815.0
KARNATAKA,2020,17314.707,Not Safe,600395.0
KARNATAKA,2020,17314.707,Not Safe,6730.0
KARNATAKA,2020,17314.707,Not Safe,8815.0
KARNATAKA,2020,17314.707,Not Safe,85420.0
KARNATAKA,2020,17314.707,Not Safe,55750.0
KARNATAKA,2020,17314.707,Not Safe,55470.0
KARNATAKA,2020,17314.707,Not Safe,3750.0
KERALA,2020,554.8764,Not Safe,600.0
KERALA,2020,554.8764,Not Safe,70.0
KERALA,2020,554.8764,Not Safe,201.0
KERALA,2020,554.8764,Not Safe,750.0
KERALA,2020,554.8764,Not Safe,62.0
KERALA,2020,554.8764,Not Safe,201.0
KERALA,2020,554.8764,Not Safe,90.0
KERALA,2020,554.8764,Not Safe,301.0
KERALA,2020,554.8764,Not Safe,1120.0
KERALA,2020,554.8764,Not Safe,75.0
KERALA,2020,554.8764,Not Safe,250.0
KERALA,2020,554.8764,Not Safe,700.0
KERALA,2020,554.8764,Not Safe,475.5
LAKSHADWEEP,2020,704.3229,Not Safe,
MADHYA PRADESH,2020,4.9290533,Safe,181.0
MADHYA PRADESH,2020,4.9290533,Safe,11019.5
MADHYA PRADESH,2020,4.9290533,Safe,5.0
MADHYA PRADESH,2020,4.9290533,Safe,2.0
MADHYA PRADESH,2020,4.9290533,Safe,4.5
MADHYA PRADESH,2020,4.9290533,Safe,1.0
MADHYA PRADESH,2020,4.9290533,Safe,1.0
MADHYA PRADESH,2020,4.9290533,Safe,1.0
MADHYA PRADESH,2020,4.9290533,Safe,1.5
MADHYA PRADESH,2020,4.9290533,Safe,10.0
MADHYA PRADESH,2020,4.9290533,Safe,17505.0
MADHYA PRADESH,2020,4.9290533,Safe,801.0
MADHYA PRADESH,2020,4.9290533,Safe,1201.0
MADHYA PRADESH,2020,4.9290533,Safe,8501.0
MADHYA PRADESH,2020,4.9290533,Safe,43.0
MADHYA PRADESH,2020,4.9290533,Safe,2.0
MADHYA PRADESH,2020,4.9290533,Safe,2.5
MADHYA PRADESH,2020,4.9290533,Safe,1.0
MADHYA PRADESH,2020,4.9290533,Safe,36.0
MADHYA PRADESH,2020,4.9290533,Safe,86.0
MADHYA PRADESH,2020,4.9290533,Safe,2.0
MADHYA PRADESH,2020,4.9290533,Safe,19.0
MADHYA PRADESH,2020,4.9290533,Safe,2.0
MADHYA PRADESH,2020,4.9290533,Safe,60.5
MADHYA PRADESH,2020,4.9290533,Safe,111.0
MADHYA PRADESH,2020,4.9290533,Safe,14.5
MADHYA PRADESH,2020,4.9290533,Safe,1.0
MADHYA PRADESH,2020,4.9290533,Safe,10.0
MADHYA PRADESH,2020,4.9290533,Safe,141.0
MADHYA PRADESH,2020,4.9290533,Safe,6.5
MADHYA PRADESH,2020,4.9290533,Safe,1.0
MADHYA PRADESH,2020,4.9290533,Safe,1.0
MADHYA PRADESH,2020,4.9290533,Safe,2.0
MANIPUR,2020,20.194595,Safe,
MEGHALAYA,2020,515.0,Not Safe,565.0
MEGHALAYA,2020,515.0,Not Safe,127.0
MEGHALAYA,2020,515.0,Not Safe,214.5
MEGHALAYA,2020,515.0,Not Safe,560.0
MEGHALAYA,2020,515.0,Not Safe,370.0
MEGHALAYA,2020,515.0,Not Safe,470.0
MEGHALAYA,2020,515.0,Not Safe,70.5
ODISHA,2020,728.61,Not Safe,1185.0
ODISHA,2020,728.61,Not Safe,1715.0
ODISHA,2020,728.61,Not Safe,605.0
ODISHA,2020,728.61,Not Safe,1110.0
ODISHA,2020,728.61,Not Safe,672.5
ODISHA,2020,728.61,Not Safe,11010.0
ODISHA,2020,728.61,Not Safe,7001.0
ODISHA,2020,728.61,Not Safe,851.0
ODISHA,2020,728.61,Not Safe,3951.0
ODISHA,2020,728.61,Not Safe,5501.0
ODISHA,2020,728.61,Not Safe,3951.0
ODISHA,2020,728.61,Not Safe,1760.0
ODISHA,2020,728.61,Not Safe,4060.0
PUDUCHERRY,2020,27.074665,Safe,806.5
PUDUCHERRY,2020,27.074665,Safe,920.0
PUDUCHERRY,2020,27.074665,Safe,1951.0
PUNJAB,2020,702.23865,Not Safe,360.0
PUNJAB,2020,702.23865,Not Safe,530.0
PUNJAB,2020,702.23865,Not Safe,28.5
RAJASTHAN,2020,330.0,Not Safe,48.0
RAJASTHAN,2020,330.0,Not Safe,107.0
RAJASTHAN,2020,330.0,Not Safe,44.5
RAJASTHAN,2020,330.0,Not Safe,78.5
RAJASTHAN,2020,330.0,Not Safe,66.0
RAJASTHAN,2020,330.0,Not Safe,139.5
RAJASTHAN,2020,330.0,Not Safe,18.5
RAJASTHAN,2020,330.0,Not Safe,94.5
RAJASTHAN,2020,330.0,Not Safe,139.5
RAJASTHAN,2020,330.0,Not Safe,152.0
RAJASTHAN,2020,330.0,Not Safe,49.0
RAJASTHAN,2020,330.0,Not Safe,43.5
RAJASTHAN,2020,330.0,Not Safe,267.5
RAJASTHAN,2020,330.0,Not Safe,82.0
RAJASTHAN,2020,330.0,Not Safe,262.0
RAJASTHAN,2020,330.0,Not Safe,121.5
RAJASTHAN,2020,330.0,Not Safe,42.0
TAMIL NADU,2020,61.0,Not Safe,42.5
TAMIL NADU,2020,61.0,Not Safe,116.0
TAMIL NADU,2020,61.0,Not Safe,142.5
TAMIL NADU,2020,61.0,Not Safe,62.5
TAMIL NADU,2020,61.0,Not Safe,2.0
TAMIL NADU,2020,61.0,Not Safe,47.5
TAMIL NADU,2020,61.0,Not Safe,61.0
TELANGANA,2020,4752.751,Not Safe,277.0
TELANGANA,2020,4752.751,Not Safe,39.0
TELANGANA,2020,4752.751,Not Safe,5.0
TELANGANA,2020,4752.751,Not Safe,13.0
TELANGANA,2020,4752.751,Not Safe,19.0
TELANGANA,2020,4752.751,Not Safe,36.0
TELANGANA,2020,4752.751,Not Safe,2.0
TELANGANA,2020,4752.751,Not Safe,6.0
TELANGANA,2020,4752.751,Not Safe,25.5
TELANGANA,2020,4752.751,Not Safe,19.0
TELANGANA,2020,4752.751,Not Safe,17.0
TELANGANA,2020,4752.751,Not Safe,83.5
TELANGANA,2020,4752.751,Not Safe,72.0
TELANGANA,2020,4752.751,Not Safe,17.0
TELANGANA,2020,4752.751,Not Safe,67.0
TELANGANA,2020,4752.751,Not Safe,19.0
TELANGANA,2020,4752.751,Not Safe,24.0
TELANGANA,2020,4752.751,Not Safe,11.0
TELANGANA,2020,4752.751,Not Safe,24.0
TELANGANA,2020,4752.751,Not Safe,9.5
TELANGANA,2020,4752.751,Not Safe,20.0
TELANGANA,2020,4752.751,Not Safe,15.0
TELANGANA,2020,4752.751,Not Safe,8.5
TELANGANA,2020,4752.751,Not Safe,36.0
TELANGANA,2020,4752.751,Not Safe,25.5
TELANGANA,2020,4752.751,Not Safe,37.5
TELANGANA,2020,4752.751,Not Safe,43.5
TELANGANA,2020,4752.751,Not Safe,9.5
TELANGANA,2020,4752.751,Not Safe,14.0
TELANGANA,2020,4752.751,Not Safe,46.0
TELANGANA,2020,4752.751,Not Safe,12.0
TELANGANA,2020,4752.751,Not Safe,43.5
TELANGANA,2020,4752.751,Not Safe,121.5
TELANGANA,2020,4752.751,Not Safe,19.5
TELANGANA,2020,4752.751,Not Safe,8.5
TELANGANA,2020,4752.751,Not Safe,17.5
TELANGANA,2020,4752.751,Not Safe,40.5
TELANGANA,2020,4752.751,Not Safe,43.0
TELANGANA,2020,4752.751,Not Safe,43.5
TELANGANA,2020,4752.751,Not Safe,40.5
TELANGANA,2020,4752.751,Not Safe,5.0
TELANGANA,2020,4752.751,Not Safe,18.0
TELANGANA,2020,4752.751,Not Safe,58.5
TELANGANA,2020,4752.751,Not Safe,48.0
TELANGANA,2020,4752.751,Not Safe,146.5
TELANGANA,2020,4752.751,Not Safe,30.0
TELANGANA,2020,4752.751,Not Safe,11.0
TELANGANA,2020,4752.751,Not Safe,2.0
TELANGANA,2020,4752.751,Not Safe,19.0
TELANGANA,2020,4752.751,Not Safe,30.5
TELANGANA,2020,4752.751,Not Safe,36.0
TELANGANA,2020,4752.751,Not Safe,43.0
TELANGANA,2020,4752.751,Not Safe,32.0
TELANGANA,2020,4752.751,Not Safe,76.0
TELANGANA,2020,4752.751,Not Safe,265.0
TELANGANA,2020,4752.751,Not Safe,12.5
TELANGANA,2020,4752.751,Not Safe,17.0
TELANGANA,2020,4752.751,Not Safe,2.0
TELANGANA,2020,4752.751,Not Safe,7.5
TELANGANA,2020,4752.751,Not Safe,7.5
TELANGANA,2020,4752.751,Not Safe,14.0
TELANGANA,2020,4752.751,Not Safe,19.0
TELANGANA,2020,4752.751,Not Safe,3.0
TELANGANA,2020,4752.751,Not Safe,222.0
TELANGANA,2020,4752.751,Not Safe,5.0
TELANGANA,2020,4752.751,Not Safe,20.5
TELANGANA,2020,4752.751,Not Safe,5.5
TELANGANA,2020,4752.751,Not Safe,42.0
TELANGANA,2020,4752.751,Not Safe,23.0
TELANGANA,2020,4752.751,Not Safe,7.5
TELANGANA,2020,4752.751,Not Safe,14.5
TELANGANA,2020,4752.751,Not Safe,14.5
TELANGANA,2020,4752.751,Not Safe,3.5
TELANGANA,2020,4752.751,Not Safe,35.0
TELANGANA,2020,4752.751,Not Safe,9.5
TELANGANA,2020,4752.751,Not Safe,19.0
TELANGANA,2020,4752.751,Not Safe,13.0
TELANGANA,2020,4752.751,Not Safe,47.5
TELANGANA,2020,4752.751,Not Safe,3.0
TELANGANA,2020,4752.751,Not Safe,35.0
TELANGANA,2020,4752.751,Not Safe,7.0
TELANGANA,2020,4752.751,Not Safe,4.0
TELANGANA,2020,4752.751,Not Safe,8.5
TELANGANA,2020,4752.751,Not Safe,14.0
TELANGANA,2020,4752.751,Not Safe,12.0
TELANGANA,2020,4752.751,Not Safe,23.0
TELANGANA,2020,4752.751,Not Safe,5.5
TELANGANA,2020,4752.751,Not Safe,14.0
TELANGANA,2020,4752.751,Not Safe,48.0
TELANGANA,2020,4752.751,Not Safe,63.5
TELANGANA,2020,4752.751,Not Safe,21.5
TRIPURA,2020,265.0,Not Safe,26.5
TRIPURA,2020,265.0,Not Safe,41.5
TRIPURA,2020,265.0,Not Safe,32.0
TRIPURA,2020,265.0,Not Safe,31.5
TRIPURA,2020,265.0,Not Safe,36.5
TRIPURA,2020,265.0,Not Safe,37.5
TRIPURA,2020,265.0,Not Safe,40.0
TRIPURA,2020,265.0,Not Safe,37.5
TRIPURA,2020,265.0,Not Safe,27.5
TRIPURA,2020,265.0,Not Safe,28.5
TRIPURA,2020,265.0,Not Safe,44.0
TRIPURA,2020,265.0,Not Safe,36.5
TRIPURA,2020,265.0,Not Safe,24.0
TRIPURA,2020,265.0,Not Safe,31.5
TRIPURA,2020,265.0,Not Safe,18.5
TRIPURA,2020,265.0,Not Safe,47.5
TRIPURA,2020,265.0,Not Safe,27.0
TRIPURA,2020,265.0,Not Safe,32.0
UTTAR PRADESH,2020,42.0,Safe,4400.0
WEST BENGAL,2020,558.2702,Not Safe,775.0
WEST BENGAL,2020,558.2702,Not Safe,17600.0
WEST BENGAL,2020,558.2702,Not Safe,29000.0
WEST BENGAL,2020,558.2702,Not Safe,11100.0
WEST BENGAL,2020,558.2702,Not Safe,8050.0
WEST BENGAL,2020,558.2702,Not Safe,1745.0
WEST BENGAL,2020,558.2702,Not Safe,155.0
WEST BENGAL,2020,558.2702,Not Safe,120.0
WEST BENGAL,2020,558.2702,Not Safe,1075.0
WEST BENGAL,2020,558.2702,Not Safe,3300.0
WEST BENGAL,2020,558.2702,Not Safe,695.0
WEST BENGAL,2020,558.2702,Not Safe,685.0
WEST BENGAL,2020,558.2702,Not Safe,160.0
ANDHRA PRADESH,2021,5365.763,Not Safe,15.0
ANDHRA PRADESH,2021,5365.763,Not Safe,19.0
ANDHRA PRADESH,2021,5365.763,Not Safe,194.5
ANDHRA PRADESH,2021,5365.763,Not Safe,166.0
ANDHRA PRADESH,2021,5365.763,Not Safe,3.5
ANDHRA PRADESH,2021,5365.763,Not Safe,183.5
ANDHRA PRADESH,2021,5365.763,Not Safe,425.0
ANDHRA PRADESH,2021,5365.763,Not Safe,347.5
ANDHRA PRADESH,2021,5365.763,Not Safe,230.0
ANDHRA PRADESH,2021,5365.763,Not Safe,12.5
ANDHRA PRADESH,2021,5365.763,Not Safe,404.5
ANDHRA PRADESH,2021,5365.763,Not Safe,30.0
ANDHRA PRADESH,2021,5365.763,Not Safe,198.5
ANDHRA PRADESH,2021,5365.763,Not Safe,199.0
ANDHRA PRADESH,2021,5365.763,Not Safe,3.5
ANDHRA PRADESH,2021,5365.763,Not Safe,3.5
ANDHRA PRADESH,2021,5365.763,Not Safe,5.5
ASSAM,2021,366.0,Not Safe,2.0
ASSAM,2021,366.0,Not Safe,605.0
ASSAM,2021,366.0,Not Safe,3100.0
ASSAM,2021,366.0,Not Safe,515.0
ASSAM,2021,366.0,Not Safe,515.0
ASSAM,2021,366.0,Not Safe,515.0
ASSAM,2021,366.0,Not Safe,515.0
ASSAM,2021,366.0,Not Safe,515.0
ASSAM,2021,366.0,Not Safe,330.0
ASSAM,2021,366.0,Not Safe,880.0
ASSAM,2021,366.0,Not Safe,455.0
ASSAM,2021,366.0,Not Safe,510.0
ASSAM,2021,366.0,Not Safe,615.0
ASSAM,2021,366.0,Not Safe,515.0
ASSAM,2021,366.0,Not Safe,1850.0
ASSAM,2021,366.0,Not Safe,605.0
ASSAM,2021,366.0,Not Safe,3100.0
ASSAM,2021,366.0,Not Safe,605.0
ASSAM,2021,366.0,Not Safe,1300.0
ASSAM,2021,366.0,Not Safe,515.0
ASSAM,2021,366.0,Not Safe,330.0
ASSAM,2021,366.0,Not Safe,330.0
ASSAM,2021,366.0,Not Safe,515.0
ASSAM,2021,366.0,Not Safe,515.0
ASSAM,2021,366.0,Not Safe,545.0
ASSAM,2021,366.0,Not Safe,605.0
ASSAM,2021,366.0,Not Safe,510.0
ASSAM,2021,366.0,Not Safe,515.0
ASSAM,2021,366.0,Not Safe,366.0
ASSAM,2021,366.0,Not Safe,330.0
ASSAM,2021,366.0,Not Safe,330.0
ASSAM,2021,366.0,Not Safe,510.0
ASSAM,2021,366.0,Not Safe,635.0
ASSAM,2021,366.0,Not Safe,605.0
ASSAM,2021,366.0,Not Safe,330.0
ASSAM,2021,366.0,Not Safe,515.0
ASSAM,2021,366.0,Not Safe,620.0
ASSAM,2021,366.0,Not Safe,605.0
ASSAM,2021,366.0,Not Safe,605.0
ASSAM,2021,366.0,Not Safe,330.0
ASSAM,2021,366.0,Not Safe,515.0
ASSAM,2021,366.0,Not Safe,515.0
ASSAM,2021,366.0,Not Safe,515.0
ASSAM,2021,366.0,Not Safe,330.0
ASSAM,2021,366.0,Not Safe,151.0
BIHAR,2021,35214.01,Not Safe,46390.0
BIHAR,2021,35214.01,Not Safe,80340.0
BIHAR,2021,35214.01,Not Safe,80850.0
BIHAR,2021,35214.01,Not Safe,81100.0
BIHAR,2021,35214.01,Not Safe,80460.0
CHANDIGARH,2021,22.0,Safe,13502.5
CHHATTISGARH,2021,55.5,Not Safe,86.0
CHHATTISGARH,2021,55.5,Not Safe,60.0
DELHI,2021,20.18371,Safe,490024.5
DELHI,2021,20.18371,Safe,20024.5
GOA,2021,309.28473,Not Safe,121.0
GOA,2021,309.28473,Not Safe,689.0
GOA,2021,309.28473,Not Safe,1215.0
GOA,2021,309.28473,Not Safe,1674.5
GOA,2021,309.28473,Not Safe,1185.0
GOA,2021,309.28473,Not Safe,1372.5
GOA,2021,309.28473,Not Safe,1215.0
GOA,2021,309.28473,Not Safe,2565.0
GOA,2021,309.28473,Not Safe,25.5
GUJARAT,2021,42.0,Safe,6.5
GUJARAT,2021,42.0,Safe,14.5
GUJARAT,2021,42.0,Safe,66.0
GUJARAT,2021,42.0,Safe,473.0
GUJARAT,2021,42.0,Safe,210.0
GUJARAT,2021,42.0,Safe,81.5
GUJARAT,2021,42.0,Safe,6.0
GUJARAT,2021,42.0,Safe,476.5
GUJARAT,2021,42.0,Safe,86.0
GUJARAT,2021,42.0,Safe,4.5
GUJARAT,2021,42.0,Safe,11.5
GUJARAT,2021,42.0,Safe,276.0
GUJARAT,2021,42.0,Safe,507.0
GUJARAT,2021,42.0,Safe,4.0
GUJARAT,2021,42.0,Safe,25.5
GUJARAT,2021,42.0,Safe,198.0
GUJARAT,2021,42.0,Safe,240.0
GUJARAT,2021,42.0,Safe,9.5
GUJARAT,2021,42.0,Safe,56.0
GUJARAT,2021,42.0,Safe,273.0
HARYANA,2021,460.93408,Not Safe,7100.0
HARYANA,2021,460.93408,Not Safe,2600.0
HARYANA,2021,460.93408,Not Safe,22800.0
HARYANA,2021,460.93408,Not Safe,5950.0
HIMACHAL PRADESH,2021,179.09329,Not Safe,317.0
HIMACHAL PRADESH,2021,179.09329,Not Safe,2.0
HIMACHAL PRADESH,2021,179.09329,Not Safe,2.0
HIMACHAL PRADESH,2021,179.09329,Not Safe,36.0
HIMACHAL PRADESH,2021,179.09329,Not Safe,515.0
KARNATAKA,2021,24116.97,Not Safe,472300.0
KARNATAKA,2021,24116.97,Not Safe,76650.0
KARNATAKA,2021,24116.97,Not Safe,551150.0
KARNATAKA,2021,24116.97,Not Safe,351700.0
KARNATAKA,2021,24116.97,Not Safe,7745.0
KARNATAKA,2021,24116.97,Not Safe,71650.0
KARNATAKA,2021,24116.97,Not Safe,76650.0
KARNATAKA,2021,24116.97,Not Safe,1380.0
KARNATAKA,2021,24116.97,Not Safe,8100.0
KARNATAKA,2021,24116.97,Not Safe,471650.0
KARNATAKA,2021,24116.97,Not Safe,551650.0
KARNATAKA,2021,24116.97,Not Safe,23011.5
KARNATAKA,2021,24116.97,Not Safe,41500.0
KARNATAKA,2021,24116.97,Not Safe,2700.0
KARNATAKA,2021,24116.97,Not Safe,9000.0
KARNATAKA,2021,24116.97,Not Safe,62000.0
KARNATAKA,2021,24116.97,Not Safe,48150.0
KARNATAKA,2021,24116.97,Not Safe,24150.0
KARNATAKA,2021,24116.97,Not Safe,62000.0
KARNATAKA,2021,24116.97,Not Safe,8250.0
KARNATAKA,2021,24116.97,Not Safe,13150.0
KARNATAKA,2021,24116.97,Not Safe,515.0
KARNATAKA,2021,24116.97,Not Safe,1755.0
KARNATAKA,2021,24116.97,Not Safe,242000.0
KARNATAKA,2021,24116.97,Not Safe,351650.0
KARNATAKA,2021,24116.97,Not Safe,10150.0
KARNATAKA,2021,24116.97,Not Safe,167300.0
KARNATAKA,2021,24116.97,Not Safe,32650.0
KARNATAKA,2021,24116.97,Not Safe,351150.0
KARNATAKA,2021,24116.97,Not Safe,241650.0
KARNATAKA,2021,24116.97,Not Safe,851100.0
KARNATAKA,2021,24116.97,Not Safe,13150.0
KARNATAKA,2021,24116.97,Not Safe,67450.0
KARNATAKA,2021,24116.97,Not Safe,25300.0
KARNATAKA,2021,24116.97,Not Safe,71150.0
KARNATAKA,2021,24116.97,Not Safe,920.0
KARNATAKA,2021,24116.97,Not Safe,24150.0
KARNATAKA,2021,24116.97,Not Safe,8350.0
KARNATAKA,2021,24116.97,Not Safe,166300.0
KARNATAKA,2021,24116.97,Not Safe,1115.0
KARNATAKA,2021,24116.97,Not Safe,47230.0
KARNATAKA,2021,24116.97,Not Safe,1240.0
KARNATAKA,2021,24116.97,Not Safe,601650.0
KARNATAKA,2021,24116.97,Not Safe,33150.0
KARNATAKA,2021,24116.97,Not Safe,5450.0
KARNATAKA,2021,24116.97,Not Safe,66650.0
KARNATAKA,2021,24116.97,Not Safe,39.0
KARNATAKA,2021,24116.97,Not Safe,19300.0
KARNATAKA,2021,24116.97,Not Safe,551150.0
KARNATAKA,2021,24116.97,Not Safe,31665.0
KARNATAKA,2021,24116.97,Not Safe,48650.0
KARNATAKA,2021,24116.97,Not Safe,6700.0
KARNATAKA,2021,24116.97,Not Safe,76650.0
KARNATAKA,2021,24116.97,Not Safe,851650.0
KARNATAKA,2021,24116.97,Not Safe,9150.0
KARNATAKA,2021,24116.97,Not Safe,61650.0
KARNATAKA,2021,24116.97,Not Safe,33150.0
KARNATAKA,2021,24116.97,Not Safe,1450.0
KARNATAKA,2021,24116.97,Not Safe,397400.0
KARNATAKA,2021,24116.97,Not Safe,67150.0
KARNATAKA,2021,24116.97,Not Safe,71150.0
KARNATAKA,2021,24116.97,Not Safe,56150.0
KARNATAKA,2021,24116.97,Not Safe,61150.0
KARNATAKA,2021,24116.97,Not Safe,11200.0
KARNATAKA,2021,24116.97,Not Safe,316700.0
KARNATAKA,2021,24116.97,Not Safe,352000.0
KARNATAKA,2021,24116.97,Not Safe,246150.0
KARNATAKA,2021,24116.97,Not Safe,76650.0
KARNATAKA,2021,24116.97,Not Safe,25300.0
KARNATAKA,2021,24116.97,Not Safe,3100.0
KARNATAKA,2021,24116.97,Not Safe,26150.0
KARNATAKA,2021,24116.97,Not Safe,9150.0
KARNATAKA,2021,24116.97,Not Safe,1660.0
KARNATAKA,2021,24116.97,Not Safe,25050.0
KARNATAKA,2021,24116.97,Not Safe,530.0
KARNATAKA,2021,24116.97,Not Safe,125.0
KARNATAKA,2021,24116.97,Not Safe,19650.0
KARNATAKA,2021,24116.97,Not Safe,330.0
KARNATAKA,2021,24116.97,Not Safe,36650.0
KARNATAKA,2021,24116.97,Not Safe,56350.0
KARNATAKA,2021,24116.97,Not Safe,56650.0
KARNATAKA,2021,24116.97,Not Safe,61650.0
KARNATAKA,2021,24116.97,Not Safe,77400.0
KARNATAKA,2021,24116.97,Not Safe,231150.0
KARNATAKA,2021,24116.97,Not Safe,21650.0
KARNATAKA,2021,24116.97,Not Safe,49350.0
KARNATAKA,2021,24116.97,Not Safe,61150.0
KARNATAKA,2021,24116.97,Not Safe,8650.0
KARNATAKA,2021,24116.97,Not Safe,26150.0
KARNATAKA,2021,24116.97,Not Safe,8650.0
KARNATAKA,2021,24116.97,Not Safe,230.0
KARNATAKA,2021,24116.97,Not Safe,156.0
KARNATAKA,2021,24116.97,Not Safe,275.0
KARNATAKA,2021,24116.97,Not Safe,119.0
KARNATAKA,2021,24116.97,Not Safe,24700.0
KARNATAKA,2021,24116.97,Not Safe,875.0
KARNATAKA,2021,24116.97,Not Safe,435.0
KARNATAKA,2021,24116.97,Not Safe,825.0
KARNATAKA,2021,24116.97,Not Safe,265.0
KARNATAKA,2021,24116.97,Not Safe,36350.0
KARNATAKA,2021,24116.97,Not Safe,340.0
KARNATAKA,2021,24116.97,Not Safe,1380.0
KARNATAKA,2021,24116.97,Not Safe,1401650.0
KARNATAKA,2021,24116.97,Not Safe,405.0
KARNATAKA,2021,24116.97,Not Safe,900.0
KARNATAKA,2021,24116.97,Not Safe,55.5
KARNATAKA,2021,24116.97,Not Safe,471650.0
KARNATAKA,2021,24116.97,Not Safe,270.0
KARNATAKA,2021,24116.97,Not Safe,265.0
KARNATAKA,2021,24116.97,Not Safe,156.5
KARNATAKA,2021,24116.97,Not Safe,265.0
KARNATAKA,2021,24116.97,Not Safe,26050.0
KARNATAKA,2021,24116.97,Not Safe,182.0
KARNATAKA,2021,24116.97,Not Safe,231150.0
KARNATAKA,2021,24116.97,Not Safe,86150.0
KARNATAKA,2021,24116.97,Not Safe,1765.0
KARNATAKA,2021,24116.97,Not Safe,552450.0
KARNATAKA,2021,24116.97,Not Safe,30950.0
KARNATAKA,2021,24116.97,Not Safe,18150.0
KARNATAKA,2021,24116.97,Not Safe,33800.0
KARNATAKA,2021,24116.97,Not Safe,265.0
KARNATAKA,2021,24116.97,Not Safe,34000.0
KARNATAKA,2021,24116.97,Not Safe,57300.0
KARNATAKA,2021,24116.97,Not Safe,8815.0
KARNATAKA,2021,24116.97,Not Safe,351650.0
KARNATAKA,2021,24116.97,Not Safe,8.0
KARNATAKA,2021,24116.97,Not Safe,35.5
KARNATAKA,2021,24116.97,Not Safe,247.0
KARNATAKA,2021,24116.97,Not Safe,811.5
KARNATAKA,2021,24116.97,Not Safe,47600.0
KARNATAKA,2021,24116.97,Not Safe,76650.0
KARNATAKA,2021,24116.97,Not Safe,50950.0
KARNATAKA,2021,24116.97,Not Safe,5.0
KARNATAKA,2021,24116.97,Not Safe,315.0
KARNATAKA,2021,24116.97,Not Safe,415.0
KARNATAKA,2021,24116.97,Not Safe,240.0
KARNATAKA,2021,24116.97,Not Safe,1015.0
KARNATAKA,2021,24116.97,Not Safe,35.5
KARNATAKA,2021,24116.97,Not Safe,415.0
KARNATAKA,2021,24116.97,Not Safe,472300.0
KARNATAKA,2021,24116.97,Not Safe,88.5
KARNATAKA,2021,24116.97,Not Safe,42.0
KARNATAKA,2021,24116.97,Not Safe,48350.0
KARNATAKA,2021,24116.97,Not Safe,49300.0
KARNATAKA,2021,24116.97,Not Safe,56150.0
KARNATAKA,2021,24116.97,Not Safe,47070.0
KARNATAKA,2021,24116.97,Not Safe,86650.0
KERALA,2021,1664.8501,Not Safe,701.0
KERALA,2021,1664.8501,Not Safe,950.0
KERALA,2021,1664.8501,Not Safe,701.0
KERALA,2021,1664.8501,Not Safe,1310.0
KERALA,2021,1664.8501,Not Safe,50.0
KERALA,2021,1664.8501,Not Safe,2.0
KERALA,2021,1664.8501,Not Safe,14.5
KERALA,2021,1664.8501,Not Safe,1773.5
KERALA,2021,1664.8501,Not Safe,61.0
KERALA,2021,1664.8501,Not Safe,351.0
KERALA,2021,1664.8501,Not Safe,90.0
KERALA,2021,1664.8501,Not Safe,450.0
KERALA,2021,1664.8501,Not Safe,415.0
KERALA,2021,1664.8501,Not Safe,1600.0
LAKSHADWEEP,2021,704.3229,Not Safe,5.0
MADHYA PRADESH,2021,2.0,Safe,2.0
MADHYA PRADESH,2021,2.0,Safe,2.0
MADHYA PRADESH,2021,2.0,Safe,56.0
MADHYA PRADESH,2021,2.0,Safe,2.0
MADHYA PRADESH,2021,2.0,Safe,91.0
MADHYA PRADESH,2021,2.0,Safe,2.0
MADHYA PRADESH,2021,2.0,Safe,3.5
MADHYA PRADESH,2021,2.0,Safe,91.0
MADHYA PRADESH,2021,2.0,Safe,3.0
MADHYA PRADESH,2021,2.0,Safe,2.0
MADHYA PRADESH,2021,2.0,Safe,461.0
MADHYA PRADESH,2021,2.0,Safe,5.0
MADHYA PRADESH,2021,2.0,Safe,5.0
MADHYA PRADESH,2021,2.0,Safe,2.0
MADHYA PRADESH,2021,2.0,Safe,1057.0
MADHYA PRADESH,2021,2.0,Safe,2.0
MADHYA PRADESH,2021,2.0,Safe,176.0
MADHYA PRADESH,2021,2.0,Safe,1751.0
MADHYA PRADESH,2021,2.0,Safe,2351.0
MADHYA PRADESH,2021,2.0,Safe,1301.0
MADHYA PRADESH,2021,2.0,Safe,1751.0
MADHYA PRADESH,2021,2.0,Safe,2.0
MADHYA PRADESH,2021,2.0,Safe,2.0
MADHYA PRADESH,2021,2.0,Safe,61.0
MADHYA PRADESH,2021,2.0,Safe,76.0
MADHYA PRADESH,2021,2.0,Safe,36.0
MADHYA PRADESH,2021,2.0,Safe,4.0
MADHYA PRADESH,2021,2.0,Safe,56.0
MADHYA PRADESH,2021,2.0,Safe,2.0
MADHYA PRADESH,2021,2.0,Safe,3.0
MADHYA PRADESH,2021,2.0,Safe,2.0
MADHYA PRADESH,2021,2.0,Safe,141.0
MADHYA PRADESH,2021,2.0,Safe,2.0
MADHYA PRADESH,2021,2.0,Safe,3.0
MANIPUR,2021,20.194595,Safe,45.0
MEGHALAYA,2021,515.0,Not Safe,140.0
MEGHALAYA,2021,515.0,Not Safe,13.5
MEGHALAYA,2021,515.0,Not Safe,400.0
MEGHALAYA,2021,515.0,Not Safe,360.0
MEGHALAYA,2021,515.0,Not Safe,435.0
MEGHALAYA,2021,515.0,Not Safe,400.0
MEGHALAYA,2021,515.0,Not Safe,95.0
ODISHA,2021,91.03855,Not Safe,2800.0
ODISHA,2021,91.03855,Not Safe,1215.0
ODISHA,2021,91.03855,Not Safe,1815.0
ODISHA,2021,91.03855,Not Safe,960.0
ODISHA,2021,91.03855,Not Safe,905.0
ODISHA,2021,91.03855,Not Safe,12001.0
ODISHA,2021,91.03855,Not Safe,17510.0
ODISHA,2021,91.03855,Not Safe,80070.0
ODISHA,2021,91.03855,Not Safe,6522.5
ODISHA,2021,91.03855,Not Safe,715.0
ODISHA,2021,91.03855,Not Safe,1222.5
ODISHA,2021,91.03855,Not Safe,715.0
ODISHA,2021,91.03855,Not Safe,1222.5
PUDUCHERRY,2021,36.00679,Safe,12.5
PUDUCHERRY,2021,36.00679,Safe,305.0
PUDUCHERRY,2021,36.00679,Safe,56.0
PUNJAB,2021,33.6032,Safe,810.0
PUNJAB,2021,33.6032,Safe,905.0
PUNJAB,2021,33.6032,Safe,30.0
RAJASTHAN,2021,81.02177,Not Safe,66.0
RAJASTHAN,2021,81.02177,Not Safe,350.0
RAJASTHAN,2021,81.02177,Not Safe,58.0
RAJASTHAN,2021,81.02177,Not Safe,49.0
RAJASTHAN,2021,81.02177,Not Safe,57.0
RAJASTHAN,2021,81.02177,Not Safe,276.5
RAJASTHAN,2021,81.02177,Not Safe,195.0
RAJASTHAN,2021,81.02177,Not Safe,58.0
RAJASTHAN,2021,81.02177,Not Safe,305.0
RAJASTHAN,2021,81.02177,Not Safe,107.0
RAJASTHAN,2021,81.02177,Not Safe,157.5
RAJASTHAN,2021,81.02177,Not Safe,31.0
RAJASTHAN,2021,81.02177,Not Safe,58.0
RAJASTHAN,2021,81.02177,Not Safe,86.5
RAJASTHAN,2021,81.02177,Not Safe,157.5
RAJASTHAN,2021,81.02177,Not Safe,44.5
RAJASTHAN,2021,81.02177,Not Safe,48.5
RAJASTHAN,2021,81.02177,Not Safe,121.5
RAJASTHAN,2021,81.02177,Not Safe,43.5
TAMIL NADU,2021,27.0,Safe,25.0
TAMIL NADU,2021,27.0,Safe,2.0
TAMIL NADU,2021,27.0,Safe,40.0
TAMIL NADU,2021,27.0,Safe,11.0
TAMIL NADU,2021,27.0,Safe,79.0
TAMIL NADU,2021,27.0,Safe,34.5
TAMIL NADU,2021,27.0,Safe,75.5
TAMIL NADU,2021,27.0,Safe,11.0
TELANGANA,2021,19772.518,Not Safe,12.5
TELANGANA,2021,19772.518,Not Safe,36.0
TELANGANA,2021,19772.518,Not Safe,38.5
TELANGANA,2021,19772.518,Not Safe,22.5
TELANGANA,2021,19772.518,Not Safe,53.5
TELANGANA,2021,19772.518,Not Safe,23.0
TELANGANA,2021,19772.518,Not Safe,40.5
TELANGANA,2021,19772.518,Not Safe,42.0
TELANGANA,2021,19772.518,Not Safe,13.5
TELANGANA,2021,19772.518,Not Safe,26.5
TELANGANA,2021,19772.518,Not Safe,37.0
TELANGANA,2021,19772.518,Not Safe,42.0
TELANGANA,2021,19772.518,Not Safe,17.5
TELANGANA,2021,19772.518,Not Safe,46.0
TELANGANA,2021,19772.518,Not Safe,30.5
TELANGANA,2021,19772.518,Not Safe,22.0
TELANGANA,2021,19772.518,Not Safe,20.5
TELANGANA,2021,19772.518,Not Safe,52.5
TELANGANA,2021,19772.518,Not Safe,3.0
TELANGANA,2021,19772.518,Not Safe,73.0
TELANGANA,2021,19772.518,Not Safe,79.5
TELANGANA,2021,19772.518,Not Safe,17.5
TELANGANA,2021,19772.518,Not Safe,21.0
TELANGANA,2021,19772.518,Not Safe,15.5
TELANGANA,2021,19772.518,Not Safe,42.0
TELANGANA,2021,19772.518,Not Safe,30.0
TELANGANA,2021,19772.518,Not Safe,28.5
TELANGANA,2021,19772.518,Not Safe,22.0
TELANGANA,2021,19772.518,Not Safe,2.0
TELANGANA,2021,19772.518,Not Safe,58.5
TELANGANA,2021,19772.518,Not Safe,12.5
TELANGANA,2021,19772.518,Not Safe,40.0
TELANGANA,2021,19772.518,Not Safe,28.5
TELANGANA,2021,19772.518,Not Safe,27.5
TELANGANA,2021,19772.518,Not Safe,22.0
TELANGANA,2021,19772.518,Not Safe,55.0
TELANGANA,2021,19772.518,Not Safe,24.5
TELANGANA,2021,19772.518,Not Safe,44.0
TELANGANA,2021,19772.518,Not Safe,28.5
TELANGANA,2021,19772.518,Not Safe,42.0
TELANGANA,2021,19772.518,Not Safe,44.0
TELANGANA,2021,19772.518,Not Safe,36.0
TELANGANA,2021,19772.518,Not Safe,39.0
TELANGANA,2021,19772.518,Not Safe,42.0
TELANGANA,2021,19772.518,Not Safe,50.5
TELANGANA,2021,19772.518,Not Safe,12.5
TELANGANA,2021,19772.518,Not Safe,7.5
TELANGANA,2021,19772.518,Not Safe,40.0
TELANGANA,2021,19772.518,Not Safe,22.0
TELANGANA,2021,19772.518,Not Safe,50.5
TELANGANA,2021,19772.518,Not Safe,57.5
TELANGANA,2021,19772.518,Not Safe,35.5
TELANGANA,2021,19772.518,Not Safe,38.5
TELANGANA,2021,19772.518,Not Safe,47.0
TELANGANA,2021,19772.518,Not Safe,49.0
TELANGANA,2021,19772.518,Not Safe,145.0
TELANGANA,2021,19772.518,Not Safe,55.5
TELANGANA,2021,19772.518,Not Safe,16.5
TELANGANA,2021,19772.518,Not Safe,23.0
TELANGANA,2021,19772.518,Not Safe,2.0
TELANGANA,2021,19772.518,Not Safe,20.5
TELANGANA,2021,19772.518,Not Safe,3.0
TELANGANA,2021,19772.518,Not Safe,22.5
TELANGANA,2021,19772.518,Not Safe,15.0
TELANGANA,2021,19772.518,Not Safe,50.5
TELANGANA,2021,19772.518,Not Safe,40.0
TELANGANA,2021,19772.518,Not Safe,27.5
TELANGANA,2021,19772.518,Not Safe,37.5
TELANGANA,2021,19772.518,Not Safe,7.0
TELANGANA,2021,19772.518,Not Safe,38.5
TELANGANA,2021,19772.518,Not Safe,42.0
TELANGANA,2021,19772.518,Not Safe,19.5
TELANGANA,2021,19772.518,Not Safe,50.0
TELANGANA,2021,19772.518,Not Safe,27.0
TELANGANA,2021,19772.518,Not Safe,32.0
TELANGANA,2021,19772.518,Not Safe,36.0
TELANGANA,2021,19772.518,Not Safe,45.0
TELANGANA,2021,19772.518,Not Safe,29.5
TELANGANA,2021,19772.518,Not Safe,56.0
TELANGANA,2021,19772.518,Not Safe,14.5
TELANGANA,2021,19772.518,Not Safe,32.0
TELANGANA,2021,19772.518,Not Safe,34.0
TELANGANA,2021,19772.518,Not Safe,22.5
TELANGANA,2021,19772.518,Not Safe,34.0
TELANGANA,2021,19772.518,Not Safe,3.0
TELANGANA,2021,19772.518,Not Safe,48.0
TELANGANA,2021,19772.518,Not Safe,50.5
TELANGANA,2021,19772.518,Not Safe,25.5
TELANGANA,2021,19772.518,Not Safe,37.0
TELANGANA,2021,19772.518,Not Safe,16.5
TELANGANA,2021,19772.518,Not Safe,8.0
TELANGANA,2021,19772.518,Not Safe,8.0
TELANGANA,2021,19772.518,Not Safe,54.5
TELANGANA,2021,19772.518,Not Safe,30.0
TELANGANA,2021,19772.518,Not Safe,7.5
TELANGANA,2021,19772.518,Not Safe,9.5
TELANGANA,2021,19772.518,Not Safe,19.5
TELANGANA,2021,19772.518,Not Safe,7.0
TELANGANA,2021,19772.518,Not Safe,37.0
TELANGANA,2021,19772.518,Not Safe,16.5
TELANGANA,2021,19772.518,Not Safe,17.5
TELANGANA,2021,19772.518,Not Safe,5.0
TELANGANA,2021,19772.518,Not Safe,7.5
TELANGANA,2021,19772.518,Not Safe,5.0
TELANGANA,2021,19772.518,Not Safe,4.0
TELANGANA,2021,19772.518,Not Safe,14.5
TELANGANA,2021,19772.518,Not Safe,6.5
TELANGANA,2021,19772.518,Not Safe,31.0
TELANGANA,2021,19772.518,Not Safe,8.0
TELANGANA,2021,19772.518,Not Safe,55.5
TELANGANA,2021,19772.518,Not Safe,9.0
TELANGANA,2021,19772.518,Not Safe,20.5
TELANGANA,2021,19772.518,Not Safe,25.0
TELANGANA,2021,19772.518,Not Safe,4.5
TELANGANA,2021,19772.518,Not Safe,31.0
TELANGANA,2021,19772.518,Not Safe,12.5
TELANGANA,2021,19772.518,Not Safe,14.5
TELANGANA,2021,19772.518,Not Safe,5.5
TELANGANA,2021,19772.518,Not Safe,5.0
TELANGANA,2021,19772.518,Not Safe,8.5
TELANGANA,2021,19772.518,Not Safe,17.0
TELANGANA,2021,19772.518,Not Safe,14.0
TELANGANA,2021,19772.518,Not Safe,10.0
TRIPURA,2021,41.90099,Safe,37.5
TRIPURA,2021,41.90099,Safe,42.0
TRIPURA,2021,41.90099,Safe,35.5
TRIPURA,2021,41.90099,Safe,31.5
TRIPURA,2021,41.90099,Safe,39.5
TRIPURA,2021,41.90099,Safe,55.5
TRIPURA,2021,41.90099,Safe,44.0
TRIPURA,2021,41.90099,Safe,40.0
TRIPURA,2021,41.90099,Safe,32.5
TRIPURA,2021,41.90099,Safe,31.5
TRIPURA,2021,41.90099,Safe,31.5
TRIPURA,2021,41.90099,Safe,37.5
TRIPURA,2021,41.90099,Safe,63.0
TRIPURA,2021,41.90099,Safe,37.0
TRIPURA,2021,41.90099,Safe,32.0
TRIPURA,2021,41.90099,Safe,40.0
TRIPURA,2021,41.90099,Safe,70.5
TRIPURA,2021,41.90099,Safe,37.5
UTTAR PRADESH,2021,62.89371,Not Safe,3950.0
WEST BENGAL,2021,5.8863206,Safe,1650.0
WEST BENGAL,2021,5.8863206,Safe,19150.0
WEST BENGAL,2021,5.8863206,Safe,46700.0
WEST BENGAL,2021,5.8863206,Safe,2530.0
WEST BENGAL,2021,5.8863206,Safe,2700.0
WEST BENGAL,2021,5.8863206,Safe,1385.0
WEST BENGAL,2021,5.8863206,Safe,126500.0
WEST BENGAL,2021,5.8863206,Safe,3550.0
WEST BENGAL,2021,5.8863206,Safe,560.0
WEST BENGAL,2021,5.8863206,Safe,6250.0
WEST BENGAL,2021,5.8863206,Safe,90.0
WEST BENGAL,2021,5.8863206,Safe,95.0
WEST BENGAL,2021,5.8863206,Safe,90.0
ANDHRA PRADESH,2022,900.0,Not Safe,369.5
ANDHRA PRADESH,2022,900.0,Not Safe,14.0
ANDHRA PRADESH,2022,900.0,Not Safe,23.0
ANDHRA PRADESH,2022,900.0,Not Safe,238.5
ANDHRA PRADESH,2022,900.0,Not Safe,173.0
ANDHRA PRADESH,2022,900.0,Not Safe,181.0
ANDHRA PRADESH,2022,900.0,Not Safe,89.5
ANDHRA PRADESH,2022,900.0,Not Safe,232.5
ANDHRA PRADESH,2022,900.0,Not Safe,16.0
ANDHRA PRADESH,2022,900.0,Not Safe,172.5
ANDHRA PRADESH,2022,900.0,Not Safe,12.0
ANDHRA PRADESH,2022,900.0,Not Safe,466.5
ANDHRA PRADESH,2022,900.0,Not Safe,352.5
ANDHRA PRADESH,2022,900.0,Not Safe,205.5
ANDHRA PRADESH,2022,900.0,Not Safe,7.0
ANDHRA PRADESH,2022,900.0,Not Safe,571.0
ANDHRA PRADESH,2022,900.0,Not Safe,15.0
ANDHRA PRADESH,2022,900.0,Not Safe,23.0
ANDHRA PRADESH,2022,900.0,Not Safe,272.5
ANDHRA PRADESH,2022,900.0,Not Safe,184.0
ANDHRA PRADESH,2022,900.0,Not Safe,12.0
ANDHRA PRADESH,2022,900.0,Not Safe,306.5
ANDHRA PRADESH,2022,900.0,Not Safe,9.0
ASSAM,2022,441.8298,Not Safe,620.0
ASSAM,2022,441.8298,Not Safe,515.0
ASSAM,2022,441.8298,Not Safe,3000.0
ASSAM,2022,441.8298,Not Safe,635.0
ASSAM,2022,441.8298,Not Safe,455.0
ASSAM,2022,441.8298,Not Safe,640.0
ASSAM,2022,441.8298,Not Safe,620.0
ASSAM,2022,441.8298,Not Safe,460.0
ASSAM,2022,441.8298,Not Safe,730.0
ASSAM,2022,441.8298,Not Safe,510.0
ASSAM,2022,441.8298,Not Safe,515.0
ASSAM,2022,441.8298,Not Safe,900.0
ASSAM,2022,441.8298,Not Safe,510.0
ASSAM,2022,441.8298,Not Safe,515.0
ASSAM,2022,441.8298,Not Safe,510.0
ASSAM,2022,441.8298,Not Safe,515.0
ASSAM,2022,441.8298,Not Safe,540.0
ASSAM,2022,441.8298,Not Safe,510.0
ASSAM,2022,441.8298,Not Safe,2150.0
ASSAM,2022,441.8298,Not Safe,605.0
ASSAM,2022,441.8298,Not Safe,3350.0
ASSAM,2022,441.8298,Not Safe,545.0
ASSAM,2022,441.8298,Not Safe,515.0
ASSAM,2022,441.8298,Not Safe,700.0
ASSAM,2022,441.8298,Not Safe,605.0
ASSAM,2022,441.8298,Not Safe,510.0
ASSAM,2022,441.8298,Not Safe,775.0
ASSAM,2022,441.8298,Not Safe,515.0
ASSAM,2022,441.8298,Not Safe,605.0
ASSAM,2022,441.8298,Not Safe,605.0
ASSAM,2022,441.8298,Not Safe,540.0
ASSAM,2022,441.8298,Not Safe,620.0
ASSAM,2022,441.8298,Not Safe,515.0
ASSAM,2022,441.8298,Not Safe,650.0
ASSAM,2022,441.8298,Not Safe,515.0
ASSAM,2022,441.8298,Not Safe,450.0
ASSAM,2022,441.8298,Not Safe,460.0
ASSAM,2022,441.8298,Not Safe,515.0
ASSAM,2022,441.8298,Not Safe,515.0
ASSAM,2022,441.8298,Not Safe,510.0
ASSAM,2022,441.8298,Not Safe,605.0
ASSAM,2022,441.8298,Not Safe,605.0
ASSAM,2022,441.8298,Not Safe,515.0
ASSAM,2022,441.8298,Not Safe,605.0
ASSAM,2022,441.8298,Not Safe,540.0
ASSAM,2022,441.8298,Not Safe,510.0
ASSAM,2022,441.8298,Not Safe,515.0
BIHAR,2022,55189.25,Not Safe,65700.0
BIHAR,2022,55189.25,Not Safe,85135.0
BIHAR,2022,55189.25,Not Safe,80115.0
BIHAR,2022,55189.25,Not Safe,47150.0
BIHAR,2022,55189.25,Not Safe,120650.0
CHANDIGARH,2022,80.02648,Not Safe,4613.5
CHHATTISGARH,2022,630.1828,Not Safe,95.0
DELHI,2022,137.01137,Not Safe,
GOA,2022,355.37634,Not Safe,1220.0
GOA,2022,355.37634,Not Safe,179.0
GOA,2022,355.37634,Not Safe,1445.0
GOA,2022,355.37634,Not Safe,2000.0
GOA,2022,355.37634,Not Safe,1945.0
GOA,2022,355.37634,Not Safe,1445.0
GOA,2022,355.37634,Not Safe,1800.0
GOA,2022,355.37634,Not Safe,1315.0
GOA,2022,355.37634,Not Safe,3600.0
GOA,2022,355.37634,Not Safe,635.0
GUJARAT,2022,35.88701,Safe,3.0
GUJARAT,2022,35.88701,Safe,182.0
GUJARAT,2022,35.88701,Safe,545.0
GUJARAT,2022,35.88701,Safe,469.0
GUJARAT,2022,35.88701,Safe,180.5
GUJARAT,2022,35.88701,Safe,5.5
GUJARAT,2022,35.88701,Safe,730.0
GUJARAT,2022,35.88701,Safe,210.0
GUJARAT,2022,35.88701,Safe,5.5
GUJARAT,2022,35.88701,Safe,484.5
GUJARAT,2022,35.88701,Safe,2.0
GUJARAT,2022,35.88701,Safe,19.0
GUJARAT,2022,35.88701,Safe,151.5
GUJARAT,2022,35.88701,Safe,466.0
GUJARAT,2022,35.88701,Safe,78.5
GUJARAT,2022,35.88701,Safe,7.0
GUJARAT,2022,35.88701,Safe,9.5
HARYANA,2022,729.6551,Not Safe,150.0
HARYANA,2022,729.6551,Not Safe,400.0
HARYANA,2022,729.6551,Not Safe,5000.0
HARYANA,2022,729.6551,Not Safe,2475.0
HARYANA,2022,729.6551,Not Safe,200.0
HIMACHAL PRADESH,2022,23.0,Safe,317.0
HIMACHAL PRADESH,2022,23.0,Safe,66.0
HIMACHAL PRADESH,2022,23.0,Safe,78.0
HIMACHAL PRADESH,2022,23.0,Safe,865.0
KARNATAKA,2022,55600.406,Not Safe,4395.0
KARNATAKA,2022,55600.406,Not Safe,2565.0
KARNATAKA,2022,55600.406,Not Safe,17350.0
KARNATAKA,2022,55600.406,Not Safe,3524.5
KARNATAKA,2022,55600.406,Not Safe,6155.0
KARNATAKA,2022,55600.406,Not Safe,10615.0
KARNATAKA,2022,55600.406,Not Safe,50850.0
KARNATAKA,2022,55600.406,Not Safe,16165.0
KARNATAKA,2022,55600.406,Not Safe,6115.0
KARNATAKA,2022,55600.406,Not Safe,3565.0
KARNATAKA,2022,55600.406,Not Safe,55165.0
KARNATAKA,2022,55600.406,Not Safe,920.0
KARNATAKA,2022,55600.406,Not Safe,23013.0
KARNATAKA,2022,55600.406,Not Safe,15670.0
KARNATAKA,2022,55600.406,Not Safe,6115.0
KARNATAKA,2022,55600.406,Not Safe,6105.0
KARNATAKA,2022,55600.406,Not Safe,1700.0
KARNATAKA,2022,55600.406,Not Safe,13610.0
KARNATAKA,2022,55600.406,Not Safe,7665.0
KARNATAKA,2022,55600.406,Not Safe,15585.0
KARNATAKA,2022,55600.406,Not Safe,15655.0
KARNATAKA,2022,55600.406,Not Safe,3235.0
KARNATAKA,2022,55600.406,Not Safe,3974.0
KARNATAKA,2022,55600.406,Not Safe,31635.0
KARNATAKA,2022,55600.406,Not Safe,350200.0
KARNATAKA,2022,55600.406,Not Safe,16665.0
KARNATAKA,2022,55600.406,Not Safe,1400.0
KARNATAKA,2022,55600.406,Not Safe,4005.0
KARNATAKA,2022,55600.406,Not Safe,4830.0
KARNATAKA,2022,55600.406,Not Safe,750.0
KARNATAKA,2022,55600.406,Not Safe,7585.0
KARNATAKA,2022,55600.406,Not Safe,205.0
KARNATAKA,2022,55600.406,Not Safe,2235.0
KARNATAKA,2022,55600.406,Not Safe,4600.0
KARNATAKA,2022,55600.406,Not Safe,7150.0
KARNATAKA,2022,55600.406,Not Safe,220.0
KARNATAKA,2022,55600.406,Not Safe,21570.0
KARNATAKA,2022,55600.406,Not Safe,171100.0
KARNATAKA,2022,55600.406,Not Safe,20665.0
KARNATAKA,2022,55600.406,Not Safe,47195.0
KARNATAKA,2022,55600.406,Not Safe,110215.0
KARNATAKA,2022,55600.406,Not Safe,4285.0
KARNATAKA,2022,55600.406,Not Safe,174.0
KARNATAKA,2022,55600.406,Not Safe,635.0
KARNATAKA,2022,55600.406,Not Safe,4365.0
KARNATAKA,2022,55600.406,Not Safe,6135.0
KARNATAKA,2022,55600.406,Not Safe,92.0
KARNATAKA,2022,55600.406,Not Safe,3989.5
KARNATAKA,2022,55600.406,Not Safe,750.0
KARNATAKA,2022,55600.406,Not Safe,2455.0
KARNATAKA,2022,55600.406,Not Safe,45.0
KARNATAKA,2022,55600.406,Not Safe,770.0
KARNATAKA,2022,55600.406,Not Safe,4330.0
KARNATAKA,2022,55600.406,Not Safe,5565.0
KARNATAKA,2022,55600.406,Not Safe,470200.0
KARNATAKA,2022,55600.406,Not Safe,2465.0
KARNATAKA,2022,55600.406,Not Safe,2555.0
KARNATAKA,2022,55600.406,Not Safe,2565.0
KARNATAKA,2022,55600.406,Not Safe,11615.0
KARNATAKA,2022,55600.406,Not Safe,99.5
KARNATAKA,2022,55600.406,Not Safe,6065.0
KARNATAKA,2022,55600.406,Not Safe,104.0
KARNATAKA,2022,55600.406,Not Safe,240115.0
KARNATAKA,2022,55600.406,Not Safe,13740.0
KARNATAKA,2022,55600.406,Not Safe,4315.0
KARNATAKA,2022,55600.406,Not Safe,16085.0
KARNATAKA,2022,55600.406,Not Safe,23670.0
KARNATAKA,2022,55600.406,Not Safe,135230.0
KARNATAKA,2022,55600.406,Not Safe,3235.0
KARNATAKA,2022,55600.406,Not Safe,3635.0
KARNATAKA,2022,55600.406,Not Safe,230.0
KARNATAKA,2022,55600.406,Not Safe,20085.0
KARNATAKA,2022,55600.406,Not Safe,31705.0
KARNATAKA,2022,55600.406,Not Safe,1240.0
KARNATAKA,2022,55600.406,Not Safe,17165.0
KARNATAKA,2022,55600.406,Not Safe,5605.0
KARNATAKA,2022,55600.406,Not Safe,4770.0
KARNATAKA,2022,55600.406,Not Safe,231.0
KARNATAKA,2022,55600.406,Not Safe,20315.0
KARNATAKA,2022,55600.406,Not Safe,47230.0
KARNATAKA,2022,55600.406,Not Safe,119.0
KARNATAKA,2022,55600.406,Not Safe,42135.0
KARNATAKA,2022,55600.406,Not Safe,7524.5
KARNATAKA,2022,55600.406,Not Safe,110155.0
KARNATAKA,2022,55600.406,Not Safe,1170.0
KARNATAKA,2022,55600.406,Not Safe,3655.0
KARNATAKA,2022,55600.406,Not Safe,1720.0
KARNATAKA,2022,55600.406,Not Safe,1135.0
KARNATAKA,2022,55600.406,Not Safe,500.0
KARNATAKA,2022,55600.406,Not Safe,3255.0
KARNATAKA,2022,55600.406,Not Safe,1840.0
KARNATAKA,2022,55600.406,Not Safe,395.0
KARNATAKA,2022,55600.406,Not Safe,247.0
KARNATAKA,2022,55600.406,Not Safe,157.0
KARNATAKA,2022,55600.406,Not Safe,4815.0
KARNATAKA,2022,55600.406,Not Safe,3270.0
KARNATAKA,2022,55600.406,Not Safe,13655.0
KARNATAKA,2022,55600.406,Not Safe,135085.0
KARNATAKA,2022,55600.406,Not Safe,55085.0
KARNATAKA,2022,55600.406,Not Safe,6105.0
KARNATAKA,2022,55600.406,Not Safe,6850.0
KARNATAKA,2022,55600.406,Not Safe,4370.0
KARNATAKA,2022,55600.406,Not Safe,230.0
KARNATAKA,2022,55600.406,Not Safe,4005.0
KARNATAKA,2022,55600.406,Not Safe,679.0
KARNATAKA,2022,55600.406,Not Safe,265.0
KARNATAKA,2022,55600.406,Not Safe,351.5
KARNATAKA,2022,55600.406,Not Safe,4035.0
KARNATAKA,2022,55600.406,Not Safe,2465.0
KARNATAKA,2022,55600.406,Not Safe,240.0
KARNATAKA,2022,55600.406,Not Safe,135165.0
KARNATAKA,2022,55600.406,Not Safe,216.5
KARNATAKA,2022,55600.406,Not Safe,740.0
KARNATAKA,2022,55600.406,Not Safe,7670.0
KARNATAKA,2022,55600.406,Not Safe,246.5
KARNATAKA,2022,55600.406,Not Safe,157.0
KARNATAKA,2022,55600.406,Not Safe,39655.0
KARNATAKA,2022,55600.406,Not Safe,3235.0
KARNATAKA,2022,55600.406,Not Safe,179.0
KARNATAKA,2022,55600.406,Not Safe,7615.0
KARNATAKA,2022,55600.406,Not Safe,6115.0
KARNATAKA,2022,55600.406,Not Safe,1850.0
KARNATAKA,2022,55600.406,Not Safe,27085.0
KARNATAKA,2022,55600.406,Not Safe,30039.5
KARNATAKA,2022,55600.406,Not Safe,55085.0
KARNATAKA,2022,55600.406,Not Safe,13665.0
KARNATAKA,2022,55600.406,Not Safe,23085.0
KARNATAKA,2022,55600.406,Not Safe,65315.0
KARNATAKA,2022,55600.406,Not Safe,18.0
KARNATAKA,2022,55600.406,Not Safe,206.5
KARNATAKA,2022,55600.406,Not Safe,47.5
KARNATAKA,2022,55600.406,Not Safe,4865.0
KARNATAKA,2022,55600.406,Not Safe,230085.0
KARNATAKA,2022,55600.406,Not Safe,200.0
KARNATAKA,2022,55600.406,Not Safe,13.0
KARNATAKA,2022,55600.406,Not Safe,275.0
KARNATAKA,2022,55600.406,Not Safe,2324.5
KARNATAKA,2022,55600.406,Not Safe,320.0
KARNATAKA,2022,55600.406,Not Safe,91.5
KARNATAKA,2022,55600.406,Not Safe,3570.0
KARNATAKA,2022,55600.406,Not Safe,47110.0
KARNATAKA,2022,55600.406,Not Safe,490.0
KARNATAKA,2022,55600.406,Not Safe,141.5
KARNATAKA,2022,55600.406,Not Safe,2465.0
KARNATAKA,2022,55600.406,Not Safe,30.0
KARNATAKA,2022,55600.406,Not Safe,3305.0
KARNATAKA,2022,55600.406,Not Safe,6115.0
KARNATAKA,2022,55600.406,Not Safe,265.0
KERALA,2022,225.09592,Not Safe,7550.0
KERALA,2022,225.09592,Not Safe,1810.0
KERALA,2022,225.09592,Not Safe,601.0
KERALA,2022,225.09592,Not Safe,33.5
KERALA,2022,225.09592,Not Safe,51.0
KERALA,2022,225.09592,Not Safe,2.0
KERALA,2022,225.09592,Not Safe,13.0
KERALA,2022,225.09592,Not Safe,135.0
KERALA,2022,225.09592,Not Safe,1200.0
KERALA,2022,225.09592,Not Safe,301.0
KERALA,2022,225.09592,Not Safe,195.0
KERALA,2022,225.09592,Not Safe,320.0
KERALA,2022,225.09592,Not Safe,2750.0
KERALA,2022,225.09592,Not Safe,2747.0
KERALA,2022,225.09592,Not Safe,87.0
KERALA,2022,225.09592,Not Safe,220.0
LAKSHADWEEP,2022,36.385494,Safe,
MADHYA PRADESH,2022,6.0,Safe,2.0
MADHYA PRADESH,2022,6.0,Safe,7.0
MADHYA PRADESH,2022,6.0,Safe,2.0
MADHYA PRADESH,2022,6.0,Safe,61.0
MADHYA PRADESH,2022,6.0,Safe,3.0
MADHYA PRADESH,2022,6.0,Safe,179.0
MADHYA PRADESH,2022,6.0,Safe,4.0
MADHYA PRADESH,2022,6.0,Safe,2.0
MADHYA PRADESH,2022,6.0,Safe,803.0
MADHYA PRADESH,2022,6.0,Safe,2.0
MADHYA PRADESH,2022,6.0,Safe,11.5
MADHYA PRADESH,2022,6.0,Safe,15.5
MADHYA PRADESH,2022,6.0,Safe,17.5
MADHYA PRADESH,2022,6.0,Safe,15.0
MADHYA PRADESH,2022,6.0,Safe,17.5
MADHYA PRADESH,2022,6.0,Safe,2.0
MADHYA PRADESH,2022,6.0,Safe,2.0
MADHYA PRADESH,2022,6.0,Safe,40.5
MADHYA PRADESH,2022,6.0,Safe,32.5
MADHYA PRADESH,2022,6.0,Safe,61.0
MADHYA PRADESH,2022,6.0,Safe,4.0
MADHYA PRADESH,2022,6.0,Safe,20.5
MADHYA PRADESH,2022,6.0,Safe,2.0
MADHYA PRADESH,2022,6.0,Safe,2.0
MADHYA PRADESH,2022,6.0,Safe,3.0
MADHYA PRADESH,2022,6.0,Safe,56.0
MADHYA PRADESH,2022,6.0,Safe,2.0
MADHYA PRADESH,2022,6.0,Safe,3.0
MANIPUR,2022,181.0,Not Safe,
MEGHALAYA,2022,181.0,Not Safe,121.5
MEGHALAYA,2022,181.0,Not Safe,13.5
MEGHALAYA,2022,181.0,Not Safe,495.0
MEGHALAYA,2022,181.0,Not Safe,430.0
MEGHALAYA,2022,181.0,Not Safe,650.0
MEGHALAYA,2022,181.0,Not Safe,400.0
MEGHALAYA,2022,181.0,Not Safe,230.0
ODISHA,2022,50.599613,Not Safe,2489.0
ODISHA,2022,50.599613,Not Safe,3972.5
ODISHA,2022,50.599613,Not Safe,5522.5
ODISHA,2022,50.599613,Not Safe,1139.0
ODISHA,2022,50.599613,Not Safe,1110.0
ODISHA,2022,50.599613,Not Safe,11022.5
ODISHA,2022,50.599613,Not Safe,8510.0
ODISHA,2022,50.599613,Not Safe,1672.5
ODISHA,2022,50.599613,Not Safe,1160.0
ODISHA,2022,50.599613,Not Safe,6539.0
ODISHA,2022,50.599613,Not Safe,2505.0
ODISHA,2022,50.599613,Not Safe,12010.0
ODISHA,2022,50.599613,Not Safe,17522.5
PUDUCHERRY,2022,2556.0623,Not Safe,2.0
PUDUCHERRY,2022,2556.0623,Not Safe,48.0
PUDUCHERRY,2022,2556.0623,Not Safe,36.0
PUNJAB,2022,33.00993,Safe,1130.0
PUNJAB,2022,33.00993,Safe,1155.0
PUNJAB,2022,33.00993,Safe,29.0
RAJASTHAN,2022,43.76471,Safe,103.5
RAJASTHAN,2022,43.76471,Safe,250.0
RAJASTHAN,2022,43.76471,Safe,195.0
RAJASTHAN,2022,43.76471,Safe,75.0
RAJASTHAN,2022,43.76471,Safe,87.5
RAJASTHAN,2022,43.76471,Safe,75.0
RAJASTHAN,2022,43.76471,Safe,250.0
RAJASTHAN,2022,43.76471,Safe,195.0
RAJASTHAN,2022,43.76471,Safe,43.0
RAJASTHAN,2022,43.76471,Safe,105.0
RAJASTHAN,2022,43.76471,Safe,48.0
RAJASTHAN,2022,43.76471,Safe,156.5
RAJASTHAN,2022,43.76471,Safe,97.0
RAJASTHAN,2022,43.76471,Safe,107.0
RAJASTHAN,2022,43.76471,Safe,107.5
RAJASTHAN,2022,43.76471,Safe,116.5
RAJASTHAN,2022,43.76471,Safe,47.0
RAJASTHAN,2022,43.76471,Safe,84.5
RAJASTHAN,2022,43.76471,Safe,124.0
RAJASTHAN,2022,43.76471,Safe,95.0
TAMIL NADU,2022,20.5,Safe,25.0
TAMIL NADU,2022,20.5,Safe,2.0
TAMIL NADU,2022,20.5,Safe,23.5
TAMIL NADU,2022,20.5,Safe,21.0
TAMIL NADU,2022,20.5,Safe,240.0
TAMIL NADU,2022,20.5,Safe,17.5
TAMIL NADU,2022,20.5,Safe,163.5
TAMIL NADU,2022,20.5,Safe,2.0
TELANGANA,2022,2262.1597,Not Safe,20.0
TELANGANA,2022,2262.1597,Not Safe,28.5
TELANGANA,2022,2262.1597,Not Safe,20.5
TELANGANA,2022,2262.1597,Not Safe,17.5
TELANGANA,2022,2262.1597,Not Safe,17.0
TELANGANA,2022,2262.1597,Not Safe,26.0
TELANGANA,2022,2262.1597,Not Safe,20.0
TELANGANA,2022,2262.1597,Not Safe,26.0
TELANGANA,2022,2262.1597,Not Safe,29.0
TELANGANA,2022,2262.1597,Not Safe,17.5
TELANGANA,2022,2262.1597,Not Safe,30.5
TELANGANA,2022,2262.1597,Not Safe,10.5
TELANGANA,2022,2262.1597,Not Safe,18.0
TELANGANA,2022,2262.1597,Not Safe,29.0
TELANGANA,2022,2262.1597,Not Safe,25.0
TELANGANA,2022,2262.1597,Not Safe,27.0
TELANGANA,2022,2262.1597,Not Safe,22.5
TELANGANA,2022,2262.1597,Not Safe,23.5
TELANGANA,2022,2262.1597,Not Safe,21.0
TELANGANA,2022,2262.1597,Not Safe,26.0
TELANGANA,2022,2262.1597,Not Safe,27.5
TELANGANA,2022,2262.1597,Not Safe,20.0
TELANGANA,2022,2262.1597,Not Safe,17.0
TELANGANA,2022,2262.1597,Not Safe,20.0
TELANGANA,2022,2262.1597,Not Safe,74.0
TELANGANA,2022,2262.1597,Not Safe,2.0
TELANGANA,2022,2262.1597,Not Safe,231.0
TELANGANA,2022,2262.1597,Not Safe,15.5
TELANGANA,2022,2262.1597,Not Safe,5.0
TELANGANA,2022,2262.1597,Not Safe,26.5
TELANGANA,2022,2262.1597,Not Safe,28.5
TELANGANA,2022,2262.1597,Not Safe,30.0
TELANGANA,2022,2262.1597,Not Safe,5.5
TELANGANA,2022,2262.1597,Not Safe,21.0
TELANGANA,2022,2262.1597,Not Safe,21.0
TELANGANA,2022,2262.1597,Not Safe,22.0
TELANGANA,2022,2262.1597,Not Safe,21.5
TELANGANA,2022,2262.1597,Not Safe,25.0
TELANGANA,2022,2262.1597,Not Safe,22.0
TELANGANA,2022,2262.1597,Not Safe,2.0
TELANGANA,2022,2262.1597,Not Safe,22.0
TELANGANA,2022,2262.1597,Not Safe,22.5
TELANGANA,2022,2262.1597,Not Safe,45.0
TELANGANA,2022,2262.1597,Not Safe,11.0
TELANGANA,2022,2262.1597,Not Safe,176.0
TELANGANA,2022,2262.1597,Not Safe,25.0
TELANGANA,2022,2262.1597,Not Safe,30.5
TELANGANA,2022,2262.1597,Not Safe,17.5
TELANGANA,2022,2262.1597,Not Safe,21.5
TELANGANA,2022,2262.1597,Not Safe,39.5
TELANGANA,2022,2262.1597,Not Safe,19.0
TELANGANA,2022,2262.1597,Not Safe,31.0
TELANGANA,2022,2262.1597,Not Safe,51.0
TELANGANA,2022,2262.1597,Not Safe,25.0
TELANGANA,2022,2262.1597,Not Safe,30.0
TELANGANA,2022,2262.1597,Not Safe,26.0
TELANGANA,2022,2262.1597,Not Safe,40.0
TELANGANA,2022,2262.1597,Not Safe,16.5
TELANGANA,2022,2262.1597,Not Safe,6.0
TELANGANA,2022,2262.1597,Not Safe,23.0
TELANGANA,2022,2262.1597,Not Safe,17.5
TELANGANA,2022,2262.1597,Not Safe,24.5
TELANGANA,2022,2262.1597,Not Safe,34.0
TELANGANA,2022,2262.1597,Not Safe,31.0
TELANGANA,2022,2262.1597,Not Safe,41.0
TELANGANA,2022,2262.1597,Not Safe,30.0
TELANGANA,2022,2262.1597,Not Safe,19.0
TELANGANA,2022,2262.1597,Not Safe,23.5
TELANGANA,2022,2262.1597,Not Safe,31.5
TELANGANA,2022,2262.1597,Not Safe,177.0
TELANGANA,2022,2262.1597,Not Safe,11.5
TELANGANA,2022,2262.1597,Not Safe,3.5
TELANGANA,2022,2262.1597,Not Safe,23.0
TELANGANA,2022,2262.1597,Not Safe,4.0
TELANGANA,2022,2262.1597,Not Safe,26.0
TELANGANA,2022,2262.1597,Not Safe,27.0
TELANGANA,2022,2262.1597,Not Safe,23.0
TELANGANA,2022,2262.1597,Not Safe,3.0
TELANGANA,2022,2262.1597,Not Safe,17.5
TELANGANA,2022,2262.1597,Not Safe,19.5
TELANGANA,2022,2262.1597,Not Safe,21.5
TELANGANA,2022,2262.1597,Not Safe,63.0
TELANGANA,2022,2262.1597,Not Safe,23.0
TELANGANA,2022,2262.1597,Not Safe,22.0
TELANGANA,2022,2262.1597,Not Safe,45.5
TELANGANA,2022,2262.1597,Not Safe,49.5
TELANGANA,2022,2262.1597,Not Safe,10.5
TELANGANA,2022,2262.1597,Not Safe,31.0
TELANGANA,2022,2262.1597,Not Safe,20.5
TELANGANA,2022,2262.1597,Not Safe,5.0
TELANGANA,2022,2262.1597,Not Safe,13.0
TELANGANA,2022,2262.1597,Not Safe,27.0
TELANGANA,2022,2262.1597,Not Safe,27.5
TELANGANA,2022,2262.1597,Not Safe,26.5
TELANGANA,2022,2262.1597,Not Safe,30.0
TELANGANA,2022,2262.1597,Not Safe,13.0
TELANGANA,2022,2262.1597,Not Safe,25.5
TELANGANA,2022,2262.1597,Not Safe,38.0
TELANGANA,2022,2262.1597,Not Safe,13.5
TELANGANA,2022,2262.1597,Not Safe,33.0
TELANGANA,2022,2262.1597,Not Safe,21.5
TELANGANA,2022,2262.1597,Not Safe,32.0
TELANGANA,2022,2262.1597,Not Safe,24.5
TELANGANA,2022,2262.1597,Not Safe,23.0
TELANGANA,2022,2262.1597,Not Safe,2.0
TELANGANA,2022,2262.1597,Not Safe,22.0
TELANGANA,2022,2262.1597,Not Safe,23.5
TELANGANA,2022,2262.1597,Not Safe,21.0
TELANGANA,2022,2262.1597,Not Safe,27.0
TELANGANA,2022,2262.1597,Not Safe,27.0
TELANGANA,2022,2262.1597,Not Safe,30.5
TELANGANA,2022,2262.1597,Not Safe,40.0
TELANGANA,2022,2262.1597,Not Safe,29.5
TELANGANA,2022,2262.1597,Not Safe,27.0
TELANGANA,2022,2262.1597,Not Safe,30.0
TELANGANA,2022,2262.1597,Not Safe,30.5
TELANGANA,2022,2262.1597,Not Safe,63.0
TELANGANA,2022,2262.1597,Not Safe,7.5
TELANGANA,2022,2262.1597,Not Safe,17.5
TELANGANA,2022,2262.1597,Not Safe,24.5
TELANGANA,2022,2262.1597,Not Safe,26.0
TELANGANA,2022,2262.1597,Not Safe,48.0
TELANGANA,2022,2262.1597,Not Safe,10.0
TELANGANA,2022,2262.1597,Not Safe,32.5
TELANGANA,2022,2262.1597,Not Safe,29.0
TELANGANA,2022,2262.1597,Not Safe,7.5
TELANGANA,2022,2262.1597,Not Safe,4.0
TELANGANA,2022,2262.1597,Not Safe,9.0
TELANGANA,2022,2262.1597,Not Safe,9.5
TELANGANA,2022,2262.1597,Not Safe,6.5
TELANGANA,2022,2262.1597,Not Safe,12.5
TELANGANA,2022,2262.1597,Not Safe,4.5
TELANGANA,2022,2262.1597,Not Safe,6.5
TELANGANA,2022,2262.1597,Not Safe,9.0
TELANGANA,2022,2262.1597,Not Safe,10.0
TELANGANA,2022,2262.1597,Not Safe,65.5
TELANGANA,2022,2262.1597,Not Safe,24.0
TELANGANA,2022,2262.1597,Not Safe,7.0
TELANGANA,2022,2262.1597,Not Safe,62.0
TELANGANA,2022,2262.1597,Not Safe,7.5
TELANGANA,2022,2262.1597,Not Safe,21.5
TELANGANA,2022,2262.1597,Not Safe,36.0
TELANGANA,2022,2262.1597,Not Safe,6.5
TELANGANA,2022,2262.1597,Not Safe,7.0
TELANGANA,2022,2262.1597,Not Safe,27.0
TELANGANA,2022,2262.1597,Not Safe,27.0
TELANGANA,2022,2262.1597,Not Safe,17.5
TELANGANA,2022,2262.1597,Not Safe,8.0
TELANGANA,2022,2262.1597,Not Safe,11.5
TELANGANA,2022,2262.1597,Not Safe,2.0
TELANGANA,2022,2262.1597,Not Safe,9.5
TRIPURA,2022,95.0,Not Safe,42.5
TRIPURA,2022,95.0,Not Safe,50.5
TRIPURA,2022,95.0,Not Safe,42.5
TRIPURA,2022,95.0,Not Safe,44.5
TRIPURA,2022,95.0,Not Safe,47.5
TRIPURA,2022,95.0,Not Safe,47.0
TRIPURA,2022,95.0,Not Safe,62.5
TRIPURA,2022,95.0,Not Safe,55.5
TRIPURA,2022,95.0,Not Safe,36.5
TRIPURA,2022,95.0,Not Safe,40.0
TRIPURA,2022,95.0,Not Safe,44.5
TRIPURA,2022,95.0,Not Safe,37.0
TRIPURA,2022,95.0,Not Safe,48.0
TRIPURA,2022,95.0,Not Safe,41.5
TRIPURA,2022,95.0,Not Safe,44.5
TRIPURA,2022,95.0,Not Safe,47.0
TRIPURA,2022,95.0,Not Safe,66.0
TRIPURA,2022,95.0,Not Safe,39.5
UTTAR PRADESH,2022,30.566517,Safe,22900.0
UTTAR PRADESH,2022,30.566517,Safe,3750.0
UTTARAKHAND,2022,41.65613,Safe,91.5
UTTARAKHAND,2022,41.65613,Safe,112.0
WEST BENGAL,2022,4.1318192,Safe,1850.0
WEST BENGAL,2022,4.1318192,Safe,14650.0
WEST BENGAL,2022,4.1318192,Safe,65600.0
WEST BENGAL,2022,4.1318192,Safe,701.0
WEST BENGAL,2022,4.1318192,Safe,7200.0
WEST BENGAL,2022,4.1318192,Safe,3900.0
WEST BENGAL,2022,4.1318192,Safe,85650.0
WEST BENGAL,2022,4.1318192,Safe,4150.0
WEST BENGAL,2022,4.1318192,Safe,560.0
WEST BENGAL,2022,4.1318192,Safe,2900.0
WEST BENGAL,2022,4.1318192,Safe,116.0
WEST BENGAL,2022,4.1318192,Safe,1500.0
WEST BENGAL,2022,4.1318192,Safe,1685.0
WEST BENGAL,2022,4.1318192,Safe,2530.0
ANDHRA PRADESH,2023,1224.8242,Not Safe,
ASSAM,2023,808.52826,Not Safe,
BIHAR,2023,62356.9,Not Safe,
CHANDIGARH,2023,46.35897,Safe,
CHHATTISGARH,2023,330.0,Not Safe,
DELHI,2023,274.58777,Not Safe,
GOA,2023,515.0,Not Safe,
GUJARAT,2023,13.5,Safe,
HARYANA,2023,697.0327,Not Safe,
HIMACHAL PRADESH,2023,2.6487072,Safe,
KARNATAKA,2023,17558.486,Not Safe,
KERALA,2023,265.0,Not Safe,
LAKSHADWEEP,2023,37.45951,Safe,
MADHYA PRADESH,2023,17.0,Safe,
MANIPUR,2023,117.238434,Not Safe,
MEGHALAYA,2023,161.89345,Not Safe,
ODISHA,2023,44.451054,Safe,
PUDUCHERRY,2023,150.98105,Not Safe,
PUNJAB,2023,45.695175,Safe,
RAJASTHAN,2023,29.657326,Safe,
SIKKIM,2023,366.0,Not Safe,
TAMIL NADU,2023,30.770712,Safe,
TELANGANA,2023,913.0391,Not Safe,
TRIPURA,2023,116.09075,Not Safe,
UTTAR PRADESH,2023,1.3775921,Safe,
UTTARAKHAND,2023,117.14303,Not Safe,
WEST BENGAL,2023,62.24535,Not Safe,
